album_link	album_name	author	release_date	count	language	label	category	rate	rate_info	genre	song_count	song_link	song_name	song_count	lyrics
https://www.xiami.com/album/2103714617	纸·境	Hammy	2018.05.19	111	国语	独立发行	录音室专辑	0.0	（评分人数不足10人）	#器乐流行 Instrumental Pop、#流行 Pop	1	https://www.xiami.com/song/1803094027	偶然	111	"[00:04.500]编曲：哈米
[00:12.500]我是天空里的一片云
[00:19.000]偶尔投影在你的波心
[00:25.000]你不必讶异 更无须欢喜
[00:30.000]在转瞬间消灭了踪影
[00:36.500]你我相逢在黑夜的海上
[00:42.500]你有你的我有我的方向
[00:48.500]你记得也好 最好你忘掉
[00:54.000]在这交会时 互放的 光亮
[01:07.000]光亮
[01:26.000]你我相逢在黑夜的海上
[01:33.000]你有你的我有我的方向
[01:39.000]你记得也好 最好你忘掉
[01:45.000]在这交会时 互放的 光亮
[01:57.000]光亮
[02:16.000]光亮
[02:23.000]制作：陈帅
[02:25.000]封面设计：冀皓天
[02:27.000]出品：莽街
收起"
https://www.xiami.com/album/2103712984	阿猫	吴博衍	2018.05.18	513	国语	独立发行	录音室专辑	0.0	（评分人数不足10人）	#当代唱作人 Contemporary Singer-Songwriter、#民谣 Folk、#流行 Pop	1	https://www.xiami.com/song/1803083372	阿猫	513	"[00:00.00]阿猫

[00:07.12]词：鲤煜/博衍/阿芒/汉杨
[00:09.80]曲：吴博衍
[00:11.23]编曲：吴博衍
[00:13.38]录音/缩混：吴博衍
[00:14.72]母带：吴博衍

[00:17.44]昏黄的阳光
[00:21.55]坠落的星光
[00:25.92]天就快黑了
[00:30.42]阿猫要去何方？

[00:34.85]有一声巨响
[00:38.77]人群在张望
[00:43.19]大家都醒了
[00:47.75]四处人心惶惶

[00:51.99]你说阿猫的心
[00:54.29]像烈火般
[00:57.78]炽热的滚烫
[01:01.66]可成人总是用
[01:03.43]冷漠伪装
[01:05.75]习以得为常

[01:09.64]如果做错了事
[01:11.89]不用偿还
[01:14.15]悲伤的过往
[01:18.90]为什么那么多人
[01:21.45]不懂得珍惜和善良

[01:44.64]昏黄的阳光
[01:48.85]泥土洒芬芳
[01:52.89]天又快黑了
[01:57.38]阿猫能去何方

[02:03.18]刚一声巨响
[02:06.78]我去望了望
[02:10.62]橙子又熟了
[02:15.54]落下一阵清香

[02:21.21]你说阿猫的心
[02:22.16]像烈火般
[02:24.30]炽热的滚烫
[02:28.30]可成人总是用
[02:30.68]冷漠伪装
[02:32.98]习以得为常

[02:36.89]如果做错了事
[02:39.38]不用偿还
[02:41.69]悲伤的过往
[02:45.58]为什么那么多人
[02:48.39]不懂得珍惜和善良

[03:11.71]昏黄的阳光
[03:16.40]坠落的方向
[03:20.65]天又快黑了
[03:24.97]阿猫无处躲藏
收起"
https://www.xiami.com/album/2103713241	暗恋	郑浩-Haker	2018.05.17	564	粤语	独立发行	录音室专辑	0.0	（评分人数不足10人）	#流行 Pop	1	https://www.xiami.com/song/1803084372	《暗恋》	564	"作词：郑浩
作曲：郑浩
年少时候释放不多 感伤痴醉来看了她
远去的她这刻要离开吧 心里偏爱却不敢面对
梦里总能美好的遇见 让我迫不得已地想拥抱
从心里去出发 涌现出暗动讲实话
珍惜内疚这刻 不失恋怎都不害怕
从心里去记挂 浮动心头的情话吧
暗恋好似童话 消失这里阴雨在交加
终于有一天我与她 见了面对话很紧张
靠近于她的我在发热 却不敢当面去表白
也许只能这样 自己很没趣到最后也不快乐
从心里去出发 体会到浮城的那套话
想不到有假话 松散地脱落暗恋吗
有勇气去表答 等到花结果的一刹那
冲开所有余的障 放下暗恋总有些牵挂
别让暗恋发展成失恋 造成自己心酸一整天
假装使你永远不生气 结尾是否完美
用心再领会吧 重拾勇气后追求吧
别要胡乱说话 该讲的总要大声吧
时间永不停下 你还是说不出口呀
那只能沉迷于暗恋 望你再见
收起"
https://www.xiami.com/album/2103716914	祝你们新婚快乐	刘其贤	2018.05.17	380	国语	独立发行	录音室专辑	0.0	（评分人数不足10人）	#流行说唱 Pop Rap、#独立流行 Indie Pop、#华语唱作人 Chinese Singer-Songwriter	5	https://www.xiami.com/song/1803111062	刘其贤－祝你们新婚快乐（合唱版)	21	"作词：韩冰 刘其贤
作曲：刘其贤
演唱：刘其贤《贤德门弟子》
出品公司：宇碟唱片
陈圆：
微笑 你的嘴角传到我眉梢
心跳 沾着甜蜜就快融化掉
肖一娜：
聚焦 最最闪亮的男女一号
我们一同分享幸福的味道
陈圆 郭佳乐：
多少 漫长岁月孤单的寻找
只为 成全与你相遇的一秒
刘其贤曹慧慧：
知道执着肯定被彼此需要
容纳一句誓言用天荒地老
刘其贤 陈真真 张乐 魏文娟 米奇：
让我们祝你们新婚快乐
而从此人生的路携手一起走过
无论曲折平坦都不再是独自一个
另一半的你我是如此的吻合
让我们祝你们新婚快乐
让所有祝福的话汇成这一首歌
一辈子再长也只有一次此时此刻
而我们都是你们幸福的见证者
收起"
https://www.xiami.com/album/2103721056	曾记得	关丽群	2018.05.17	4	国语	独立发行	录音室专辑	0.0	（评分人数不足10人）	#国语流行 Mandarin Pop	1	https://www.xiami.com/song/1803139535	曾记得--关丽群	4	"《 曾记得》



作词：百灵晓佳（曾丽平）

作曲：快乐好歌

编曲：快乐好歌

演唱：关丽群

后期制作：光辉岁月





曾记得那美好的当年

仿佛又出现在我眼前

柔情似水携手结伴

形影不离温馨缠绵



曾记得那铮铮的誓言

仿佛又萦绕在我耳边

尽情沐浴月光温柔

缕缕晚风亲吻我脸



岁月如梭光阴似箭

温情温暖流失指尖

淡淡苦涩点点忧伤

破碎荒凉填满心间



不可复制美好从前

注定宿命心伤黯然

风过无痕落花无声

想你梦你千遍万遍



（间奏）



曾记得那铮铮的誓言

仿佛又萦绕在我耳边

尽情沐浴月光温柔

缕缕晚风亲吻我脸



岁月如梭光阴似箭

温情温暖流失指尖

淡淡苦涩点点忧伤

破碎荒凉填满心间



不可复制美好从前

注定宿命心伤黯然

风过无痕落花无声

想你梦你千遍万遍



想你梦你千遍万遍
收起"
https://www.xiami.com/album/2103711171	修行路	保先生	2018.05.15	201	国语	独立发行	录音室专辑	0.0	（评分人数不足10人）	#摇滚 Rock & Roll、#日本流行 J-Pop	3	https://www.xiami.com/song/1803070849	只想玩点颓废	44	"[00:02.33]演唱：保先生
[00:15.54]一天就这么过去 没有留下任何的回忆
[00:21.67]就像哪离开了水的鱼 活在哪真空里
[00:27.86]走在那街上看着那男男女女 是否他们有了目的
[00:36.98]我心如止水 吸着那香烟 看着那天
[00:41.57]忘记了 我自己
[00:46.21]我只想那玩点颓废 忘了那自己是谁
[00:52.29]我只想那玩点颓废 忘了自己是谁
[00:58.74]我只想那玩点颓废 忘了自己是谁
[01:07.89] 忘了那自己是谁
[01:41.67]时间就这么过去 没有留下任何的回忆
[01:47.94]就像哪离开了水的鱼 活在哪真空里
[01:54.01]走在那街上看着那男男女女 是否他们有了目的
[02:03.14]我心如止水 吸着那香烟 看着那天
[02:07.83]忘记了 我自己
[02:12.37]我只想那玩点颓废 忘了那自己是谁
[02:18.50]我只想那玩点颓废 忘了自己是谁
[02:24.64]我只想那玩点颓废 忘了自己是谁
[02:33.82]忘了那自己是谁
[02:37.19]只想那玩点颓废 忘了那自己是谁
[02:43.38]只想那玩点颓废 忘了那自己是谁
[02:49.50]我只想那玩点颓废 忘了那自己是谁
[02:58.67]忘了那自己是谁

[03:13.98]时间就这么过去 没有留下任何的回忆
[03:20.25]就像哪离开了水的鱼 活在哪真空里
[03:26.39]走在那街上看着那男男女女 是否他们有了目的
[03:35.52]我心如止水 吸着那香烟 看着那天
[03:40.16]忘记了 我自己
[03:44.74]我只想那玩点颓废 忘了那自己是谁
[03:47.77]我只想那玩点颓废 忘了自己是谁
[03:50.87]我只想那玩点颓废 忘了自己是谁
[03:57.19]我只想那玩点颓废 忘了那自己是谁
[04:06.34]忘了那自己是谁
收起"
https://www.xiami.com/album/2103710158	好了 姑娘 赶紧把裤子提上	王文龙	2018.05.14	767	国语	独立发行	录音室专辑	0.0	（评分人数不足10人）	#根源唱作人 Singer-Songwriter、#自由即兴 Free Improvisation、#流行 Pop	12	https://www.xiami.com/song/1803295910	那个人	221	"No lyrics available"
https://www.xiami.com/album/2103710452	爱就不要说放弃	轨道	2018.05.14	81	国语	独立发行	录音室专辑	0.0	（评分人数不足10人）	#国语流行 Mandarin Pop	2	https://www.xiami.com/song/1803067227	爱就不要说放弃伴奏	40	"No lyrics available"
https://www.xiami.com/album/2103707646	I AM	NEKO	2018.05.12	544000	韩语	独立发行	录音室专辑	0.0	（评分人数不足10人）	#女子团体 Girl Group、#韩国流行 K-Pop、#流行 Pop	1	https://www.xiami.com/song/1803049628	LATATA（Original：(G)-IDLE）	544000	"作曲 : 全昭妍/빅싼초
作词 : 全昭妍
Original：(G)I-DLE — LATATA
Cover：NEKO LULU
Mix：TORA

【噜噜】
기나긴 너와 이 밤을 너와与你一起这样度过
이렇게 너와这个漫长的夜晚
기다린 너와 시간을 너와你一起这样度过
이렇게 너와这段等待的时光
【NEKO】
어둠 속 red light 시선은 left right黑暗中的红灯 视线左右飘忽
불 위를 걷나要跨到火上吗
시작의 점화 가까이 온다初始的点火 越来越临近
【噜噜】
누가 뭐 겁나谁害怕了
【NEKO】
Uh oh 어디까지 더 깊이 빠져들지会深深陷入到何处呢
중독된 향기까지直到那中毒的香气
그렇게 뒤섞여버리지 그래已经那般神魂颠倒了吧 没错
【噜噜】
더 더 불태워 버려지게更加 更加让火燃烧
내일은 우린 없는 거야 너我们已经没有明天了 你
【ALL】
I love ya
【NEKO】
널 위한 노래를 해唱起这首为你的歌
깊게 더 빠지게 lata让你更加深陷 Lata
【ALL】
I love ya
【噜噜】
널 위한 춤을 춰跳起这支为你的舞
내게 널 갇히게 lata让你困在我的身边 Lata
【ALL】
I love ya
Latata latata latata latata
Latata latata latata latata
【NEKO】
날 위해 불러줘为我呼唤吧
평생 널 못 잊게 lata让你一辈子都忘不了 Lata
【噜噜】
I love ya

【NEKO】
I love ya

【噜噜】
Every day every night latata

【NEKO】
I love ya

Every day every night latata
【噜噜】
Don't be lazy 다가와 baby不要犯懒 靠过来吧 Baby
시간은 너무 짧고 이건 아직 basic时间如此短暂 这只是个basic
좀 더 깊은 곳으로前往那更深的地方
더 들어가 나를 머금고带上我
취해도 돼 중요치 않아 내일이就算沉醉也可以 明天并不重要
아주 화려한 이 춤은 라따따这支十分华丽的舞蹈 Ladada
뜨겁게 불태울 거야 다다다一切都会炽热地燃烧起来 dadada
뭐 어려워 다 널 부러워해有什么困难的 大家都在羡慕你
좋아 이 밤을 불태워很好 让这个夜晚燃烧
Muah muah muah
【NEKO】
Uh oh 어디까지 더 그리 나빠질지会这样更坏到什么地步呢
이 밤은 아침까지这个夜晚直到早晨
그렇게 더 미쳐버리지 그래已经那般疯狂起来了吧 没错
【噜噜】
더 더 불태워 버려지게更加 更加让火燃烧
내일은 우린 없는 거야 너我们已经没有明天了 你
【ALL】
I love ya
【NEKO】
널 위한 노래를 해唱起这首为你的歌
깊게 더 빠지게 lata让你更加深陷 Lata
【ALL】
I love ya
【噜噜】
널 위한 춤을 춰跳起这支为你的舞
내게 널 갇히게 lata让你困在我的身边 Lata
【ALL】
I love ya
Latata latata latata latata
Latata latata latata latata
【NEKO】
날 위해 불러줘为我呼唤吧
평생 널 못 잊게 lata让你一辈子都忘不了 Lata

【噜噜】
I love ya

【NEKO】
I love ya

【噜噜】
Every day every night latata

【ALL】
I love ya

【NEKO】
Every day every night latata
기나긴 너와 이 밤을 너와与你一起这样度过
이렇게 너와这个漫长的夜晚
기다린 너와 시간을 너와你一起这样度过
이렇게 너와这段等待的时光
【噜噜】
어둠 속 red light 시선은 left right黑暗中的红灯 视线左右飘忽
불 위를 걷나要跨到火上吗
시작의 점화 가까이 온다初始的点火 越来越临近
【NEKO】
누가 뭐 겁나 谁害怕了？

【ALL】
I love ya

【NEKO】
Every day every night latata

【ALL】
I love ya

【噜噜】
Every day every night latata
为全能小狐狸和最可爱的北京妹妹打世纪大call！！
[03:21.16
收起"
https://www.xiami.com/album/2103702238	再 見 前 任 - 体 面 REMIX	Hunter-Lee宇航	2018.05.11	4884	国语	金兰音乐	录音室专辑	0.0	（评分人数不足10人）	#嘻哈 Hip-Hop、#国语流行 Mandarin Pop	1	https://www.xiami.com/song/1803019607	再 見 前 任 - 体 面 REMIX	4884	"很 高 興 遇 見 你

作词：Hunter-Lee宇航(GRAY25)/唐恬
录制：金兰音乐 JINLAN STUDIO

HOOK：菲特

说不上爱别说谎就一点喜欢
说不上恨别纠缠别装作感叹
他说你很麻烦他让你受伤
他告诉你感情就是这样
没办法好可怕那个我不像话

VERES 1

我再也没有对着我们的照片傻笑无法入睡
我再也没有回想曾经的时光导致突然落泪
我选择了放手是因为想让你得到安慰
你我生活早已烂透但却不敢再去面对

如果说你的内心已经变了那又怎么样
我发现没了你之后自己过的很一般
再次闭上眼 绕一圈 发现回不去从前
让我睁开眼 唱一遍 还在支撑的信念

HOOK：菲特

分手应该体面
谁都不要说抱歉
我们何来亏欠
我敢给就敢心碎
流泪声嘶力竭
离开也要体面
别让执念
毁掉了昨天
我爱过你利落又干脆

VERES 2

我不知道自己的选择到底是对还是错
两个人分开后也能同样正常的去生活
希望你的现任对你很好我真的很期待
因为我想看他自取其辱他确实没我帅

对不起没能陪你走到最后那一站
其实我们都没错只是缘分的遣散
我希望你幸福过的一定要比我都好
但是像我这样的人你还要哪里去找

HOOK

分手应该体面
谁都不要说抱歉
我们何来亏欠
我敢给就敢心碎
流泪声嘶力竭
离开也要体面
别让执念
毁掉了昨天
我爱过你利落又干脆

VERES 3

我猜不透我也不想猜透你们的内心
可能是我天真是我太傻脑子没你精
就算我病倒在床上也没有一句关心
你的一声难过巴不得替你承担想给你治病

我说全部都散去吧 没有必要再执着
那是你的本意吗 我不想再带着疑惑
Sorry 可能我不是你想要的那种标准男生
但是你不会再遇到像我这样爱你的人

HOOK

分手应该体面
谁都不要说抱歉
我们何来亏欠
我敢给就敢心碎
流泪声嘶力竭
离开也要体面
别让执念
毁掉了昨天
我爱过你利落又干脆
再见不负遇见
收起"
https://www.xiami.com/album/2103706933	遇见情歌	魏歌	2018.05.11	761	国语	独立发行	录音室专辑	0.0	（评分人数不足10人）	#国语流行 Mandarin Pop、#网络流行 Cyber Hit	1	https://www.xiami.com/song/1803044963	魏歌《遇见情歌》	761	"遇见情歌

词曲 魏歌

演唱 魏歌

和声：阿影

编曲：姜山

发行：魏歌影音传媒



红尘之中让我遇见你

从此我就为你着了迷

你的美丽 无人能代替

你已悄悄走进我心里


自从那天让我爱上你

我的心就从此属于你

陪你度过日出和日落

你就是我生命的唯一


你就是我最美的遇见

感谢老天赐我的情缘

风风雨雨我们在一起

不要太多多情的话语


你就是我最美的遇见

感谢有你温暖的陪伴

只要天天能够看到你

相依相偎永远不分离




自从那天让我爱上你

我的心就从此属于你

陪你度过日出和日落

你就是我生命的唯一


你就是我最美的遇见

感谢老天赐我的情缘

风风雨雨我们在一起

不要太多多情的话语


你就是我最美的遇见

感谢有你温暖的陪伴

只要天天能够看到你

相依相偎永远不分离



你就是我最美的遇见

感谢老天赐我的情缘

风风雨雨我们在一起

不要太多多情的话语


你就是我最美的遇见

感谢有你温暖的陪伴


只要天天能够看到你

相依相偎永远不分离

相依相偎永远不分离
收起"
https://www.xiami.com/album/2103706111	繁II	翟漱文	2018.05.10	6862	国语	独立发行	录音室专辑	0.0	（评分人数不足10人）	#流行 Pop	1	https://www.xiami.com/song/1803040565	后来的我们（cover.翟漱文 guitar.戴明明）	6862	"然后呢
他们说你的心 似乎痊愈了
也开始有个人 为你守护着
我该心安或是 心痛呢？
然后呢
其实我的日子 也还可以呢
除了回忆肆虐 的某些时刻
庆幸还有眼泪 冲淡苦涩
而那些昨日 依然缤纷着 它们都有我 细心收藏着
也许你还记得 也许你都忘了
也不是那么 重要了
只期待 后来的你 能快乐
那就是 后来的我 最想的
后来的我们 依然走着
只是不再并肩了
朝各自的人生 追寻了
无论是 后来故事 怎么了
也要让 后来人生 精彩着
后来的我们 我期待着
泪水中能看到 你真的 自由了
亲爱的
回忆我们共同 走过的曲折
是那些带我们 来到了这一刻
让珍贵的人生 有失有得
用新的幸福 把遗憾包着 就这么朝着 未来前进了
有再多的不舍 也要狠心割舍
「别回头看我 亲爱的」
只期待 后来的你 能快乐
那就是 后来的我 最想的
后来的我们 依然走着
只是不再并肩了
朝各自的人生 追寻了
无论是 后来故事 怎么了
也要让 后来人生 精彩着
后来的我们 我期待着
泪水中能看到 你真的 幸福快乐
「在某处 另一个你 留下了」
「在那里 另一个我 微笑着」
另一个我们 还深爱着
代替我们永恒着
「如果能这么想 就够了」
无论是 后来故事 怎么了
也要让 后来人生 值得
后来的我们 我期待着
泪水中能看到 你真的 自由了
收起"
https://www.xiami.com/album/2103705384	泊澜谣	橙光音乐	2018.05.09	33000	国语	橙光游戏	录音室专辑	0.0	（评分人数不足10人）	#国语流行 Mandarin Pop、#流行 Pop	4	https://www.xiami.com/song/1803036140	沧海旧梦（纯音乐）	1498	"沧海旧梦-橙光《泊澜谣》主题曲

监制：橙光正经配乐事业小分队（阿妙）、潮声组（魅灵）
作曲/编曲：贺鑫

演唱：兰芽yaya
和声编唱：潮声组（雾敛）
后期：郑昊杰

最初邂逅你的眼波
少年不知闲愁为何
枝头阳光曲折 将眉头勾勒
此间点滴渐渐斑驳

岁月悠悠如诉长歌
宿命翻涌谁能避过
你的一缕魂魄 向何处漂泊
沧浪沉浮 爱恨如沫

过往纷纭 于眸中婆娑
回不到 当年心意灼灼
云海分合 看片片尘埃皆零落
微风轻动 便吹散你我

-Music-

也曾天下唾手可得
梦断青崖前尘惊破
漫天霜寒月色 将孤影包裹
我却沉沦你的凉薄

岁月悠悠如诉长歌
宿命翻涌谁能避过
你为千钧家国 将深仇放落
决然归往 浪尖漩涡

迢迢一程 赴山高水阔
相携过 已是不可多得
云海分合 看片片尘埃皆零落
或许总是 聚少离别多

过往纷纭 于眸中婆娑
回不到 当年心意灼灼
云海分合 看片片尘埃皆零落
微风轻动 便吹散你我
收起"
https://www.xiami.com/album/2103704954	心有瑰宝绚丽灿烂	崔嘉扬	2018.05.08	240	国语	独立发行	录音室专辑	0.0	（评分人数不足10人）	#流行 Pop	6	https://www.xiami.com/song/1803106142	心播	12	"心播



演唱：崔嘉扬
曾经和音符有约过
请它为你排首歌
因为想 说的话 不太会说
我只能 让语言 乘着音乐 再穿梭
让他们 替代我 去传播
总有一天
我的思念
会跨千山
等你出现
如果思念能骑着音符尽情的飞行
我要让歌声也翻山越岭
让你听 让你听
属于你的歌声
你的 你的 你的
Du lu du lu da yi la yi ya oh
如果思念骑着音符
Du lu du lu da yi la yi ya oh
我翻身越岭
Du lu du lu da yi la yi ya oh
Du lu du lu da yi la yi ya you
总有一天
我的思念
会跨千山
等你出现
如果思念能骑着音符尽情的飞行
我要让歌声也翻山越岭
让你听 让你听
属于你的歌声
你的 你的 你的
Du lu du lu da yi la yi ya oh
如果思念骑着音符
Du lu du lu da yi la yi ya oh
我翻身越岭
Du lu du lu da yi la yi ya oh
Du lu du lu da yi la yi ya you
Du lu du lu da yi la yi ya oh
如果思念骑着音符
Du lu du lu da yi la yi ya oh
我翻身越岭
Du lu du lu da yi la yi ya oh
Du lu du lu da yi la yi ya you
Du lu du lu da yi la yi ya oh
如果思念骑着音符
Du lu du lu da yi la yi ya oh
我翻身越岭
Du lu du lu da yi la yi ya oh
Du lu du lu da yi la yi ya you
收起"
https://www.xiami.com/album/2103703019	白日梦想家	洪乐团	2018.05.06	108000	国语	独立发行	录音室专辑	0.0	（评分人数不足10人）	#流行 Pop	7	https://www.xiami.com/song/1803022840	猫	361	"猫

词曲：陈必承
念白：陈必承

小提琴：唐韵

吉他：吉松浩

贝司：张迪安

鼓：熊玺
编曲&MIDI制作：柳森
演唱：洪乐团&付辛瑶

我的猫丢了 没那么不舍
习惯把门虚掩着 万一回来呢
它在哪个角落 听着谁的歌
步履轻盈躲穿梭的车 为半米阳光快乐

我越来越老了 没时间找你了
曾经你以为的全世界 不过是我一颗心呐
反正宇宙好大 有闪电也有落霞
遇到会讨你欢心的他 管它喜鹊还是乌鸦

哭腔前笑声啜泣 佛祖前长跪不起
我的内心该有多卑鄙 悄无声息离开你
这是谁家的猫 走在陌生街道
半米阳光对它多重要 忘了你怀抱

我越来越老了 没时间陪你了
曾经我以为的全世界 不过是我半颗心呐
好像宇宙好大 有闪电也有落霞
遇到会讨我欢心的他 管它喜鹊还是乌鸦

我越来越老了 没时间找你了
曾经你以为的全世界 不过是我一颗心呐
反正宇宙好大 有闪电也有落霞
遇到会讨你欢心的他 管它喜鹊还是乌鸦
收起"
https://www.xiami.com/album/2103702861	愿你	潘雨轩	2018.05.05	100000	国语	独立发行	录音室专辑	0.0	（评分人数不足10人）	#流行 Pop、#国语流行 Mandarin Pop	1	https://www.xiami.com/song/1803022248	愿你	100000	"愿你
词 : 昼夜
曲 : 昼夜
原唱：昼夜
策划/后期：糖锡仪
演唱：潘雨轩

你是晚风渐息
星河若隐
一场小别离
你是破晓清晨
灿烂眼中的光景
你是时光轻轻哼唱
宛若星辉铺满小巷
黑白的琴键
闪着晨曦的光
愿你的身后
总有力量
愿你成为自己的太阳
愿你永驻时光
爱上彼此 的模样
你眼中的光芒
依旧闪亮
诉说着那些疯狂
有梦想 我来陪你 收藏
你是回忆与爱
叙旧的歌
只唱给我听
你是心底的花
盛开在我的四季
你是信纸上的彩墨
写着我喜欢的词句
心中有了你
眼光绽放欢喜
愿你的身后
总有力量
愿你成为自己的太阳
愿你永驻时光
爱上彼此 的模样
你眼中的光芒
依旧闪亮
诉说着那些疯狂
有梦想 我来陪你 收藏
愿你的身后
总有力量
愿你成为自己的太阳
愿你永驻时光
爱上彼此 的模样
你眼中的光芒
依旧闪亮
诉说着那些疯狂
有梦想 我来陪你 收藏
收起"
https://www.xiami.com/album/2103707074	高铁开进壮乡来	永夜极光乐团	2018.05.05	588	国语	星邦娱乐	录音室专辑	0.0	（评分人数不足10人）	#流行 Pop	1	https://www.xiami.com/song/1803045727	高铁开进壮乡来	588	"[ti:]
[ar:]
[al:]
[by:九九Lrc歌词网～www.99Lrc.net]
[00:01.76]高铁开进壮乡来
[00:06.66]词：田湘
[00:12.43]曲：韦吉兴
[00:16.33]演唱：第五代刘三姐-王予嘉&永夜极光乐团
[00:27.77]
[00:31.62]女：高铁开进壮乡来
[00:35.47]绿水青山好风光
[00:39.32]男：哥妹山歌唱不尽
[00:43.16]一路春风一路情?
[00:47.01]女：坐上高铁去远方
[00:50.76]雄鹰展翅去翱翔
[00:54.66]男：银线穿珠快如风
[00:58.51]天南地北一日还
[01:02.25]合：天南地北一日还
[01:06.15]男：山歌绕过几道弯
[01:09.58]女：壮乡生活变了模样
[01:13.85]合：美丽的绿水青山
[01:17.70]就是那金山银山
[01:21.54]男：高铁驶入新时代
[01:24.93]女：山歌唱出好梦来
[01:29.29]合：春色美景看不够
[01:33.04]幸福日子万年长
[01:46.51]
[01:56.07]女：高铁开进壮乡来
[01:59.91]绿水青山好风光
[02:03.81]男：哥妹山歌唱不尽
[02:07.62]一路春风一路情
[02:11.46]女：坐上高铁去远方
[02:15.20]雄鹰展翅去翱翔
[02:19.06]男：银线穿珠快如风
[02:22.75]天南地北一日还
[02:26.77]合：天南地北一日还
[02:30.56]男：山歌绕过几道弯
[02:34.10]女：壮乡生活变了模样
[02:38.16]合：美丽的绿水青山
[02:42.10]就是那金山银山
[02:46.00]男：高铁驶入新时代
[02:49.33]女：山歌唱出好梦来
[02:53.60]合：春色美景看不够
[02:57.30]幸福日子万年长
[03:19.39]
[03:28.27]男：山歌绕过几道弯
[03:31.60]女：壮乡生活变了模样
[03:35.82]合：美丽的绿水青山
[03:39.61]就是那金山银山
[03:43.30]男：高铁驶入新时代
[03:46.42]女：山歌唱出好梦来
[03:50.43]合：春色美景看不够
[03:54.64]幸福日子万年长
[04:10.41]
收起"
https://www.xiami.com/album/2103702576	在一起不容易-张学友宜春演唱	高音敏子	2018.05.04	119	国语	独立发行	录音室专辑	0.0	（评分人数不足10人）	#独立流行 Indie Pop	1	https://www.xiami.com/song/1803021064	在一起不容易-张学友宜春演唱	119	"[00:00.00]在一起不容易
[00:03.81]
[00:05.21]
[00:06.66]作词 张学友宜春
[00:08.02]作曲 高音敏子
[00:09.62]编曲 敏子音乐工作室
[00:11.07]统筹 高音敏子
[00:13.07]后期 深圳惠伟音乐
[00:15.27]出品 敏子音乐工作室
[00:17.87]封面 云飞燕
[00:19.28]演唱 张学友宜春
[00:20.68]
[00:22.23]
[00:22.98]
[00:26.42]也许是你我前世相许
[00:31.83]你我今生的相遇 今生相遇
[00:37.68]那么多的擦肩 擦肩而去
[00:42.24]只有你留在我心里
[00:48.05]
[00:49.20]也许是你我缘分所系
[00:54.56]你我今生的相惜 今生相惜
[01:00.07]那么多的机缘 机缘巧合
[01:04.82]只有你闯进我梦里
[01:10.73]
[01:11.68]在一起，真的不容易
[01:16.48]走过许多坎坎坷坷
[01:22.33]经历一场场 风风雨雨
[01:27.58]你的心跳牵动了我呼吸
[01:33.55]
[01:34.19]在一起，真的不容易
[01:39.50]历尽人生岁月沧桑
[01:44.80]走出层层烟雾迷离
[01:50.01]你的眉间写满了我笑意
[01:56.10]
[02:00.01]--词唱 张学友宜春 作曲 敏子--
[02:05.26]--出品 敏子音乐工作室
[02:15.24]
[02:19.20]也许是你我前世相许
[02:24.90]你我今生的相遇 今生相遇
[02:30.66]那么多的擦肩 擦肩而去
[02:35.37]只有你留在我心里
[02:41.33]
[02:42.58]也许是你我缘分所系
[02:47.18]你我今生的相惜 今生相惜
[02:53.49]那么多的机缘 机缘巧合
[02:58.19]只有你闯进我梦里
[03:03.40]
[03:04.34]在一起，真的不容易
[03:09.79]走过许多坎坎坷坷
[03:15.29]经历一场场 风风雨雨
[03:20.20]你的心跳牵动了我呼吸
[03:25.90]
[03:26.80]在一起，真的不容易
[03:31.95]历尽人生岁月沧桑
[03:37.76]走出层层烟雾迷离
[03:42.81]你的眉间写满了我笑意
[03:48.08]
[03:49.41]在一起，真的不容易
[03:55.32]历尽人生岁月沧桑
[04:00.87]走出层层烟雾迷离
[04:06.02]你的眉间写满了我笑意
[04:11.57]
[04:12.18]你的眉间写满了我笑意
[04:21.57]
[04:22.48]
[04:24.07]--版权注册 盗版必究--
[04:24.83]
收起"
https://www.xiami.com/album/2103702056	通河大米之歌-天籁天演唱	高音敏子	2018.05.03	179	国语	独立发行	录音室专辑	0.0	（评分人数不足10人）	#独立流行 Indie Pop	1	https://www.xiami.com/song/1803018369	通河大米之歌-天籁天演唱	179	"[00:00.00]通河大米之歌-天籁天
[00:02.86]
[00:05.16]
[00:09.02]作词：李一民
[00:10.43]作曲：高音敏子
[00:12.39]编曲：敏子音乐工作室
[00:14.36]后期：五毒天书
[00:16.51]统筹：兰 孟 戌
[00:18.02]出品：敏子音乐工作室
[00:23.73]演唱：天籁天
[00:24.19]
[00:28.25]
[00:32.36]通河大米哟，百年的守望，
[00:38.09]一条条池梗连接远方，
[00:43.97]青山点缀大地，绿水日夜流淌，
[00:50.29]神奇的土地哺育着儿女成长。
[00:54.16]
[00:55.56]通河儿女哟，挺拔的脊梁，
[01:01.34]一代代前辈耕耘拓荒，
[01:07.17]汗水浇开良田，智慧凝成米香，
[01:13.19]黑土地大米滋养着四面八方。
[01:19.36]
[01:21.97]八月金秋哟，风吹起稻浪，
[01:27.59]一方方稻田迎着朝阳。
[01:33.36]稻花吐芬芳，蜂蝶飞舞忙。
[01:39.33]这里是原生有机 大米的故乡。
[01:44.69]
[01:45.09]一片片稻田哟，一代代守望，
[01:52.57]一袋袋大米四海飘香，
[01:56.68]粒粒晶莹透，餐餐守健康，
[02:02.15]为远方客人送去 安康吉祥。
[02:08.47]
[02:10.29]
[02:11.80]--作词 李一民 作曲 高音敏子--
[02:15.50]--出品 苏州敏子音乐工作室
[02:19.87]
[02:28.36]
[02:34.53]通河儿女哟，挺拔的脊梁，
[02:39.90]一代代前辈耕耘拓荒，
[02:46.47]汗水浇开良田，智慧凝成米香，
[02:52.25]黑土地大米滋养着四面八方。
[03:00.93]八月金秋哟，风吹起稻浪，
[03:07.30]一方方稻田迎着朝阳。
[03:12.72]稻花吐芬芳，蜂蝶飞舞忙。
[03:18.27]这里是原生有机 大米的故乡。
[03:23.83]
[03:24.82]通河的人们哟，热情又善良
[03:30.65]通河的瑞米美名远扬
[03:36.52]我们祝福你呀，亲亲的家乡
[03:44.69]愿你和祖国一道 兴旺辉煌
[03:46.85]
[03:48.25]通河的人们哟，热情又善良，
[03:53.76]通河的瑞米美名远扬，
[03:59.99]我们祝福你呀，亲亲的家乡，
[04:05.57]愿你和祖国一道 兴旺辉煌。
[04:11.70]我们祝福你呀，亲亲的家乡，
[04:16.93]愿你和祖国一道 兴旺辉煌。
[04:29.15]
[04:30.01]--版权注册 盗版必究--
[04:31.01]
收起"
https://www.xiami.com/album/2103701248	永宁小镇	周俣	2018.05.02	37	国语	独立发行	录音室专辑	0.0	（评分人数不足10人）	#流行 Pop	1	https://www.xiami.com/song/1803011586	永宁小镇·首篇·桃花源正版	37	"No lyrics available"
https://www.xiami.com/album/2103699272	写给青春的信	刘瑞	2018.04.30	3082	国语	独立发行	录音室专辑	0.0	（评分人数不足10人）	#流行摇滚 Pop Rock、#民谣 Folk、#流行 Pop	9	https://www.xiami.com/song/1803000199	折翅的孤鹰	491	"编曲：刘瑞

一路跌跌撞撞
满身都是伤
曾经的年少轻狂
正一点点消亡
荒凉的山岗
映着天边暗淡夕阳
孤独的飞鹰
折断了翅膀
无法飞翔

不愿偿试伪装
总是撞南墙
逃离世俗的沙场
败给了冷枪
黑夜很漫长
伴着天上闪闪星光
背起了行囊
向着前方闯荡

我要展翅遨翔
却无力挥动翅膀
心中温暖的故乡
我只能遥望
依然坚持的倔强
为了自由信仰
要怎样 能怎样
选择勇敢不彷徨
收起"
https://www.xiami.com/album/2103710739	思恋黄河	刘咏阁	2018.04.30	412	国语	独立发行	录音室专辑	0.0	（评分人数不足10人）	#流行 Pop	7	https://www.xiami.com/song/1803068834	天下黄河	116	"No lyrics available"
https://www.xiami.com/album/2103707918	致妈妈	练亚锋	2018.04.30	41	国语	独立发行	录音室专辑	0.0	（评分人数不足10人）	#流行 Pop	1	https://www.xiami.com/song/1803051206	致妈妈	41	"致妈妈


作词：练亚锋
作曲：July

[00:26.54]我说亲爱的老王
[00:28.20]母亲节快乐
[00:29.50]我想为你在这rap这首歌
[00:32.15]希望你放下工作好好给我听着
[00:35.25]我只想你的每个夜空都繁星闪烁
[00:38.05]在鼎颜聚美你是老大
[00:40.70]但在我心里只是我老妈
[00:43.36]我只想你不要太累多听我话
[00:46.36]老爹和我永远是你最温暖的家
[00:49.36]谢谢你出现在我的生命里
[00:52.06]陪伴我成长让我明白生命要有意义
[00:55.01]时间太快多多努力
[00:57.81]人生不易不要轻言放弃
[01:00.66]谢谢你总能给我太多的惊喜
[01:03.51]你总说你是我专属提款机
[01:06.11]其实我也在背后默默的努力
[01:08.91]我们的默契至今无人能敌

[01:33.97]我永远爱你
[01:35.62]你是最美天气
[01:37.32]我永远爱你
[01:38.62]你知道我所有秘密
[01:40.12]余生的路咱们还得互相照顾
[01:42.97]所以你可以感动但别哭
[01:45.78]你让我懂得珍惜
[01:47.28]人得相聚相离
[01:48.68]你让我明白努力
[01:50.03]做人做自己
[01:51.43]人生两万多天
[01:52.93]其实就在眼前
[01:54.29]风里雨里你都在我的视线里
[01:56.69]别忘了我们的约定
[01:58.44]被忘了各自初心
[01:59.99]你的叮嘱
[02:01.34]给你生个小公主
[02:02.74]未来我们一定会很幸福
收起"
https://www.xiami.com/album/2103698829	千年烟雨愁--以沫/刘春雨	刘春雨	2018.04.28	25000	国语	雨音传媒	录音室专辑	0.0	（评分人数不足10人）	#流行 Pop、#古典音乐 Classical	2	https://www.xiami.com/song/1802997415	千年烟雨愁-伴奏	651	"No lyrics available"
https://www.xiami.com/album/2103698921	从此一人心亡	萧易	2018.04.28	72	国语	独立发行	录音室专辑	0.0	（评分人数不足10人）	#流行 Pop	1	https://www.xiami.com/song/1802998083	从此一人心亡	72	"从此一人心亡
词：G.B顾安晨
曲：麦曲
口白：
那天我看见你手牵着他的手
而我却无能为力
因为我知道我给不了你想要的
但是他能给你你想要的
所以我愿意放开你


从此 我一人心亡 看着你走泪两行
迎接风雨不会彷徨向着前方在起航

黯然 我一人失神 独自一人去沉沦
望着海边的那灵魂从此为你失了神

我愿一人丢掉本性 让你陪他去任性
愿你能够陪她安好 陪她终身爱到老

我路过的没座孤城 都曾有你的灵魂
不想失去我爱的人 不想再去受伤痕

爱情就像一阵冷风 让我迷失痛苦中
用我青春来赌一生 得到却是一场空


我也不想在去拥有 只想安静陪你走
可是路上再无有你 只好自己在颤抖

为你断了手中情笔 说爱情怎能配你
你都不如那个妲己 可爱情怎能有你

时光一逝永不回头 但愿你陪她白头
陪她走过每座城池 陪她经过每个人

口白：
我只是爱了一个永远不会回头的爱人
可是她已经跟着她的另一半远走他乡
可我那只能祝你幸福


我愿用我所有时光 换你青春时常在
愿你能够一直年轻 一直找个好人爱

我也不想去奢求 奢求你能够回头
只求你能幸福潇洒年轻开心到白头

你也别再等着她 可她已经有了家
别再打扰她的生活让她享受这一生

多少柔情多少梦 多少心酸多少痛
若你不懂情歌颂说那么爱你有何用

樱花树下述忧愁 独望江南烟雨楼
心也痛那泪也在流只为佳人在回眸

喝下这一杯烈酒 以后的路自己走
不再仰望任何一人祈求自己别颤抖

独自享受一人终老 不在陪你去争吵
多你不多少你不少凭什么陪你终老

从此我一人心亡不会留你在身旁
不再是你亡命羊也不在把你当新娘
收起"
https://www.xiami.com/album/2103698623	Slow it down	IN	2018.04.27	2738	国语	WELAINK 威徕特文化创意有限公司	录音室专辑	0.0	（评分人数不足10人）	#流行说唱 Pop Rap、#流行 Pop、#未来贝斯 Future Bass	3	https://www.xiami.com/song/1802996389	slow it down (slow 2 slow)	562	"《Slow It Down》
Written by Angel Mo
produced by IN Production (Kuo)

【chorus】
ooh
you’ve been caught up in it
for too long
ooh
you’ve been caught up in it
you’ve been caught up in it
slow it down slow it down
baby don’t you worry
about a damn thing
slow it down slow it down
baby don’t you worry
about a damn thing


【rap 1】
baby
don’t you worry about a thing with me
照顾好你就像是照顾我自己
要相信我的能力
这么多年来独自的生活
直到我现在遇到你
这时代的我们习惯了 每一天步伐快
跟不上气也喘不过来 是生活节奏快
why don’t we take a minute
sip on cider after dinner
why don’t you come on closer
taste of my lipstick
hmmmm, what you starring?
you ain’t daring
我知道你或许根本分不清
这到底是珊瑚色还是玫红
就像我也分不清莫西干和寸头
hey, but imma give it a go
I’m changing color for sure
把全部色号买够
像战士弹药库屯够
下一个生日送你YEEZY 350
也期待收到你送我的YSL口红
 baby


【chorus 1】
ooh
you’ve been caught up in it
for too long
ooh
you’ve been caught up in it
you’ve been caught up in it
slow it down slow it down
baby don’t you worry
about a damn thing
slow it down slow it down
baby don’t you worry
about a damn thing


【bridge】
ooh
you've been caught up in it
you've been caught up in it
ooh
you've been caught up in it
you've been caught up in it
ooh
you've been caught up in it
you've been caught up in it
ooh
you've been caught up in it
you've been caught up in it


【rap 2】
slow it down
take it slow baby
step by step
Hit the road baby
你需要的生活都可以得到
先要诚心的祷告
哪怕暂时没有成效
这时代的我们习惯了忙碌没有目标
跟不上气也喘不过来 是重复的步调
take a minute have a seat
Share a story with me
All you get is what you need
decorate your fancy dreams
GIRL（人声音量加大）
用最红的色号
go hard go bold
知道你能做到
无论你发着什么梦
我希望能看到
All dreams come true
你都会准备好
Hey, cause imma give it a go
I’m changing color for sure
把全部色号买够
灿烂的像拥有彩虹
下一个生日还会陪伴你左右
也期待送你新买到的YSL口红
baby


【chorus】
ooh
you’ve been caught up in it
for too long
ooh
you’ve been caught up in it
you’ve been caught up in it
slow it down slow it down
baby don’t you worry
about a damn thing
slow it down slow it down
baby don’t you worry

【outro】
oooh
oooh
收起"
https://www.xiami.com/album/2103834789	沐云	夏沐草乐队	2018.04.26	409	国语	独立发行	录音室专辑	0.0	（评分人数不足10人）	#独立流行 Indie Pop	1	https://www.xiami.com/song/1803964449	沐云	409	"《沐云》

作词：黄佳乐 范文宙
作曲：黄佳乐 刘宇轩
编曲：夏沐草乐队
制作人：康磊
录音：康磊 陈佳
混音：周天澈

我想找个时间 逃离这一切
没有熟悉的街 没有那么多是非

我想找个地方 让自己沉默
不愿 再不安的思念

你的出现 你的身影 你的话语 你的离开
刺痛着我 折磨着我 扭曲了我 改变了我
一样的街 一样的路 一样的我 却不一样
失去了你 失去了心 剩下病

我想找个理由 逃离这一切
没有怨气悲伤 没有那么多是非

我想找个方式 让自己沉默
不愿 再不安的失眠

你的出现 你的身影 你的话语 你的离开
刺痛着我 折磨着我 扭曲了我 改变了我
一样的街 一样的路 一样的我 却不一样
失去了你 失去了心 剩下病
收起"
https://www.xiami.com/album/2103696839	郡听	曾胜	2018.04.25	496	国语	独立发行	录音室专辑	0.0	（评分人数不足10人）	#独立流行 Indie Pop、#艺术流行 Art Pop、#国语流行 Mandarin Pop	2	https://www.xiami.com/song/1802985364	最好的今天	496	"No lyrics available"
https://www.xiami.com/album/2103696708	我	Goldchain	2018.04.25	61	国语	独立发行	录音室专辑	0.0	（评分人数不足10人）	#流行 Pop、#陷阱说唱 Trap Rap	1	https://www.xiami.com/song/1802984156	我	61	"No lyrics available"
https://www.xiami.com/album/2103751806	FC 双截龙2 Ending By 风信	风信	2018.04.24	1215	其他	独立发行	录音室专辑	0.0	（评分人数不足10人）	#流行 Pop	1	https://www.xiami.com/song/1803350251	FC 双截龙2 Ending	1215	"No lyrics available"
https://www.xiami.com/album/2103696231	生命之钥	王焱	2018.04.22	205	国语	独立发行	录音室专辑	0.0	（评分人数不足10人）	#独立流行 Indie Pop	1	https://www.xiami.com/song/1802982821	生命之钥	205	"生命之钥-王焱



出品：火线音乐
相传在古埃及文明的遗迹
有一件宝物非常的神秘
它没有价值连城的工艺
却富含无限生命的气息
倘若你得到了它就可以起死回生任何的一切
于是我踏上这段神秘之旅
跨过大陆走向亚非的边境
闯进了无情撒哈拉沙漠
承受着孤独忍受着饥饿
只为了拯救我那已死去的爱深深的爱
Habibi Enta fain
Habibi Enta fain
Habibi Enta fain
Habibi Enta fain
生命之钥你不要耗尽我一生苦苦把你寻找
复活我已死的爱我才能归来
生命之钥你只要存在我一生苦苦把你寻找
复活我已死的爱我才会归来

红海里的鱼虾喂饱了我
鼓起勇气渡过那条尼罗河
绕过了残缺狮身人面像
来到金字塔的脚下
一张亡灵之书为我燃点火种给了我指引
身处大漠的我失去了方向
生命之钥至今下落寻不到
狠下心掏出我肝肺胃肠
化作木乃伊随着爱埋葬
深处的土著人轻轻将我救起让我别放弃
Habibi Enta fain
Habibi Enta fain
Habibi Enta fain
Habibi Enta fain
生命之钥你不要耗尽我一生苦苦把你寻找
复活我已死的爱我才能归来
生命之钥你只要存在我一生苦苦把你寻找
复活我已死的爱我才会归来
Habibi Enta fain
Habibi Enta fain
Habibi Enta fain
Habibi Enta fain
收起"
https://www.xiami.com/album/2103693084	不二臣	潘雨轩	2018.04.21	165000	国语	独立发行	录音室专辑	0.0	（评分人数不足10人）	#国语流行 Mandarin Pop、#流行 Pop	1	https://www.xiami.com/song/1802969063	不二臣	165000	"不二臣
词：徐秉龙
曲：徐秉龙
原唱：徐秉龙
后期：尘箫尽洛

一个人拼命长大的几年
两人匆匆忙忙地擦肩
许多未曾熄灭的长夜
淡得看不见
所有的爱情都长在春天
所有故事都未曾谋面
其实当初的你也看着
风中那少年
我还是一个人
孤孤单单地追着那风筝
一路跌跌撞撞地跑
奋不顾身
我还是一个人
孤孤单单地守着那青春
一个人长大
一个人做你的不二臣
两个人孤注一掷的几年
一人反反复复被成全
许多与世隔绝的长夜
一如从前
所有的爱情都长在春天
所有故事都未曾谋面
可能现在的你早忘了
凉薄的誓言
我还是一个人
孤孤单单地追着那风筝
一路跌跌撞撞地跑
奋不顾身
我还是一个人
孤孤单单地守着那青春
一个人长大
一个人做你的不二臣
我还是一个人
朝朝暮暮地数着那年轮
一生漫无目的地跑
奋不顾身
我还是一个人
孤孤单单地守着那青春
一个人长大
一个人做你的不二臣
一个人长大
一个人做你的不二臣
你愿意吗
收起"
https://www.xiami.com/album/2103692525	这样一个雨天	袖舞迎风	2018.04.20	178	国语	独立发行	录音室专辑	0.0	（评分人数不足10人）	#国语流行 Mandarin Pop	1	https://www.xiami.com/song/1802966641	这样一个雨天	178	"《这样一个雨天》
作词：小微（䄂舞）
作曲：王立
编曲：张志良
后期：雨辰
首唱：翁汕汕

在这样一个雨天
我坐在房间
听雨声滴答
想写雨的缠绵

奈何 我的思绪
以飞到你的身边
浮现在脑海
全是你的笑脸

听雨声不断
思绪不断
在这样一个雨天
你有没有撑一把油纸伞
在江南的雨巷
把我挂牵

这样一个雨天
思念你的脸
可惜 你不在我身边
丝丝细雨 述说又无言
爱在一个雨天
想念你的笑脸
———
在这样一个雨天
我坐在房间
听雨声滴答
想写雨的缠绵

奈何 我的思绪
以飞到你的身边
浮现在脑海
全是你的笑脸

听雨声不断
思绪不断
在这样一个雨天
你有没有撑一把油纸伞
在江南的雨巷
把我挂牵

这样一个雨天
思念你的脸
可惜 你不在我身边
丝丝细雨 述说又无言
爱在一个雨天
想念你的笑脸
————

这样一个雨天
思念你的脸
可惜 你不在我身边
丝丝细雨 述说又无言
爱在一个雨天
想念你的笑脸
收起"
https://www.xiami.com/album/2103692504	独来独往	段成鹏	2018.04.20	11	国语	独立发行	录音室专辑	0.0	（评分人数不足10人）	#流行摇滚 Pop Rock、#民谣 Folk、#流行 Pop	1	https://www.xiami.com/song/1802966566	今天，阳光灿烂	11	"走在这个大大的世界上
感受人生冷暖苦痛
我们无所不在
追寻梦想乐观的生活
跟着呼吸的节奏
我们天马星空奇思妙想
大步地向前走
大声地唱着歌
牵着手跳舞
无拘无束的
欢乐到天明

今天,阳光灿烂
我们享受着温暖的光芒
颜色五彩缤纷
这个自然真是美丽

今天，阳光灿烂
天空也是那样的蓝
躺在草地上
慢慢进入了梦乡

打开一个正确的世界
装着不可思议的幻想
未来精彩的故事
等待我们发掘
海豚在天上游戏
聆听万物复苏的声音
激动地旋转着
兴奋地呼叫着
狂喜的感觉
热烈燃烧着
炙热的青春

今天,阳光灿烂
我们沐浴着新鲜的光芒
跨过这道彩虹
绿水环绕青山依旧

今天，阳光灿烂
心情格外的晴朗
我们坐在云端
品尝幸福的盛宴
收起"
https://www.xiami.com/album/2103693687	盛夏	练亚锋	2018.04.18	95	国语	独立发行	录音室专辑	0.0	（评分人数不足10人）	#流行 Pop	1	https://www.xiami.com/song/1802971328	盛夏	95	"作词：练亚锋
作曲：练亚锋
[00:18.49]起床铃声滴滴答答叫醒梦想
[00:22.65]打开窗又看见阳光
[00:27.57]桌上作业一页一页都被忘掉
[00:31.61]骑着车跟微风奔跑
[00:36.67]穿白色短袖是为了搭配凉爽
[00:40.53]短裤拖鞋有阳光模样
[00:45.68]沿途风景你要用心
[00:50.20]也许能捡幸运草


[01:06.36]盛夏的风筝就在晴天里微笑
[01:15.53]回家的路上觉得无聊别忘了哼哼小调

[01:43.01]起床铃声滴滴答答叫醒梦想
[01:47.06]打开窗又看见阳光
[01:52.02]桌上作业一页一页都被忘掉
[01:56.13]骑着车跟微风奔跑
[02:01.24]穿白色短袖是为了搭配凉爽
[02:04.99]短裤拖鞋有阳光模样
[02:10.34]沿途风景你要用心
[02:14.85]也许能捡幸运草

[02:30.90]下课钟声耳边围绕的是美好
[02:40.17]手拉手的那些年纪彼此心里有城堡
[02:49.28]不要害怕生活像旋转木马
[02:53.91]八音盒里有爱的魔法
[02:58.58]每天努力一点不要烦恼
[03:02.18]快出发

[03:07.68]喂 你在哪
[03:16.60]喂 你在哪
[03:26.11]喂 我在这儿
收起"
https://www.xiami.com/album/2103699795	离人愁	李玉啸阳	2018.04.17	179000	国语	独立发行	录音室专辑	0.0	（评分人数不足10人）	#流行 Pop	1	https://www.xiami.com/song/1803003212	离人愁	179000	"离人愁-李玉啸阳
词：李袁杰
曲：李袁杰
春去白了华发落寞了思量
剪下一缕愁丝遮目让人盲
今人断了肠 今天各一方
今生与你相见无望
繁华落幕离人难敢诉衷肠
昨夜又见当年弃我不归郎
今夜太漫长 今两股痒痒
今人比枯叶瘦花黄
我应在江湖悠悠 饮一壶浊酒
醉里看百花深处愁
莫把那关外野游 留佳人等候
梦里殇此情高几楼
繁华落幕离人难敢诉衷肠
昨夜又见当年弃我不归郎
今夜太漫长 今两股痒痒
今人比枯叶瘦花黄
我应在江湖悠悠 饮一壶浊酒
醉里看百花深处愁
莫把那关外野游 留佳人等候
梦里殇此情高几楼
我应在江湖悠悠 饮一壶浊酒
醉里看百花深处愁
莫把那关外野游 留佳人等候
梦里殇此情高几楼
梦里殇此情高几楼
收起"
https://www.xiami.com/album/2104397601	Wild Horses	Paul Petersen	2018.04.17	1	英语	Merlin Records	录音室专辑	0.0	（评分人数不足10人）	#欧美流行 Western Pop	10	https://www.xiami.com/song/1808494013	Gone	0	"No lyrics available"
https://www.xiami.com/album/2103685478	不变形的爱	祁紫檀	2018.04.15	25000	国语	独立发行	录音室专辑	9.8	(13人评分)	#流行 Pop	1	https://www.xiami.com/song/1802927790	不变形的爱	25000	"No lyrics available"
https://www.xiami.com/album/2103685139	Future	周天竺	2018.04.14	5713	国语	独立发行	录音室专辑	0.0	（评分人数不足10人）	#流行说唱 Pop Rap、#国语流行 Mandarin Pop、#流行 Pop	1	https://www.xiami.com/song/1802925910	Future	5713	"my future it's ture
my future i well come to
so just listen
当我踏进青春的驿站
未来也不停在变换
梦想离我很远但我不停在撵
嘿，现实跟我摊牌
理想不再投怀
在这青春的崎岖道路感受到了从未有过的阴霾
曾经发过的誓
那些年刻过的字
我想课桌上面的事早就成为了我的固执
给青春添点韵词 再给我面镜子
让我晓得future变成奇迹会是什么样子
所有离别不过是为了成长奠基的路
要把三年说过的话全部一一记住
在恐惧中清醒在难忘中愤怒
好了脱离一中可以自己慢慢领悟
十七岁年纪可能过的太过轻狂
在高考这条路上我要变成凤凰
将冷嘲热讽收进罐罐我不是在产幻
十几岁年纪要像林丹立志拿下满贯

诶 立志拿下满贯 诶 yo
so listen
just listen
一中的故事你是否还记得到
不要天真的还以为毕业好
怪我留在这里的时光季节少
还想回到这里把青春续写到
不想变成个废物 呆在原地被禁锢
崇仁厚德 臻于至善 他带给我的是进步
当青春不再落幕真思楼曾经的下铺
我曾经爱过的姑娘现在她还是我的全部
在一年后同学和兄弟全部都展翅高飞demo
在充满诱惑的社会要学会如何真正去生活
我感谢老师父母让我的世界更开阔在干渴中拼搏
用一年半的时间十一班全部成为idol
青春的故事我在这片土地上彷徨
记录了我的点点滴滴曾经我的疯狂
用一年时间让我的future扬帆起航
让她鼓起勇气撑起了dream
oh let's go on
不血流到底faker绝对不得放手
不得泪流一直走当我找到成功的阴谋
再将他一一击碎来弥补现实的伤口
诶 这就是一中十一班的flow
我感谢那个人他曾经带给我的灵感
不勤换 不婉转
她曾经让我心寒
我晓得我的future已经不会太远
所以不顾一切带上了拼命的手环
收起"
https://www.xiami.com/album/2103686878	宠宠的宠爱	A-Mi	2018.04.14	888	国语	独立发行	录音室专辑	0.0	（评分人数不足10人）	#流行 Pop	1	https://www.xiami.com/song/1802934921	《宠宠的宠爱》	888	"你指着地图对我说 你最想要去的地方
我攒了半年的积蓄 绝对完成你的梦想
我们一起制定计划 挑选你想穿的衣裳
不 我现在带着你去买最美的衣裳

出发前在家楼下吃了火锅一顿
你说这样保留了家的念想
我不懂吃货是如何思乡
如果再吃一顿 辣翻我也要懂

看见你的美丽让我心动
一件一件刷爆我的信用
看见你的可爱对你宠爱
所以我想要全部给你买
看见你的美丽让我心动
一件一件刷爆我的信用
看见你的可爱对你宠爱
所以我想要全部给你买

下了飞机都有点累 赶到酒店已是半夜
你说半夜让人迷醉 赶紧保证感情纯粹
你任性我心领神会 紧紧抱着把你依偎
你抬头对我说带的衣服颜色不对

起床发现时间居然接近了傍晚
想要去的景点全部紧关
看到你低头偷笑欢颜
只好紧咬牙关 商场带你一战

说来我们逛遍了半个西南
成都重庆兰州昆明绵阳竟然没逛过一个景点
好吧 虽然有点遗憾

（但是）
看见你的美丽让我心动
一件一件刷爆我的信用
看见你的可爱对你宠爱
所以我想要全部给你买
看见你的美丽让我心动
一件一件刷爆我的信用
看见你的可爱对你宠爱
所以我想要全部给你买
（旅途变为一次一次出入百货商场
但这是治疗你赖床的唯一良方
转眼想想 也许是不同过往
我也应该适应新时代的配方
不管去到何方
只要在一起够开心
我们就一起走进新世界的大门）
收起"
https://www.xiami.com/album/2103685384	2018精选	陈怡廷	2018.04.13	2715	英语	独立发行	录音室专辑	0.0	（评分人数不足10人）	#欧美流行 Western Pop、#世界音乐 World Music	5	https://www.xiami.com/song/1806472152	歌剧2 Опера №2	259	"No lyrics available"
https://www.xiami.com/album/2103679733	借口	陈建忠	2018.04.11	292	国语	通力唱片	录音室专辑	0.0	（评分人数不足10人）	#流行 Pop	4	https://www.xiami.com/song/1802900375	借口（缺男声版）	66	"安杰杰、陈建忠 - 借口
词：安杰杰
曲：安杰杰
就此分手
不够温柔
这些全部 都是借口
名车豪楼
卡刷不透
才是你想要的所有
你从来不懂挽留
却只懂得放手
说什么你全部都看透
可在你的眼眸已看不到温柔
我的手到现在你都没牵过
对我就是找借口
很早就想分手
只是在可怜你太没用
你就只会怒吼
我早已经受够
现在清楚了你满意了没有
借口全都是借口
你理由总是太多太多
你走放手让你走
不就是嫌我屁都没有
对，我就是很落魄
给不了你好的生活
大小姐麻烦你远一点走
你从来不懂挽留
却只懂得放手
说什么你全部都看透
可在你的眼眸已看不 到温柔
我的手到现在你都没牵过
对我就是找借口
很早就想分手
只是在可怜你太没用
你就只会怒吼
我早已经受够
现在清楚了你满意 了没有
如何温柔
我猜不透
早已经掏空了所有
冷漠背后
藏着借口
你又何时主动牵过
你从来不懂挽留
却只懂得放手
说什么你全部都看透
可在你的眼眸已看不到温柔
我的手到现在你都没牵过
对我就是找借口
很早就想分手
只是在可怜你太没用
你就只会怒吼
我早已经受够
现在清楚了你满意了没有
[03:54.82
收起"
https://www.xiami.com/album/2103676173	人间	朱天奇	2018.04.10	1232	国语	独立发行	录音室专辑	0.0	（评分人数不足10人）	#轻音乐流行 Light Pop、#国语流行 Mandarin Pop、#流行 Pop	1	https://www.xiami.com/song/1802877897	人间	1232	"No lyrics available"
https://www.xiami.com/album/2103677710	无需多言	郭帅	2018.04.10	299	国语	独立发行	录音室专辑	0.0	（评分人数不足10人）	#国语流行 Mandarin Pop	2	https://www.xiami.com/song/1802883207	无需多言	258	"[ar:郭帅]

[ti:无需多言]

[00:02.28]无需多言

[00:04.25]作词: 郭帅

[00:06.12]作曲: 郭帅

[00:07.68]演唱: 郭帅

[00:09.60]编曲: 王洋

[00:24.83]好久没有这样

[00:27.96]一个人静静坐下

[00:31.09]告别所有的烦忧

[00:34.02]静静的弹着吉他

[00:37.21]窗外车水马龙

[00:40.08]喧闹的像是吵架

[00:43.26]距离隔不断思念

[00:46.19]弹首歌送给你听吧

[00:51.14]曾经的蜜语甜言怎么说变就变

[00:57.10]曾经的沧海桑田是否已经搁浅

[01:03.31]我像只小船到处寻找彼岸

[01:09.57]如果你能看见请给我你的港湾

[01:15.57]我像只小鸟到处寻找蓝天

[01:21.70]如果你能看见请给我你的思念

[01:27.60]我不愿再看见你迷人的容颜

[01:33.76]我只想留住那美好与痛苦的瞬间

[01:39.88]我不愿再说我对你有多眷恋

[01:46.10]因为我对你的爱无需多言

[02:18.75]好久没有这样

[02:21.84]一个人静静坐下

[02:24.71]告别所有的烦忧

[02:27.89]静静的弹着吉他

[02:30.87]窗外车水马龙

[02:33.96]喧闹的像是吵架

[02:37.03]距离隔不断思念

[02:40.37]弹首歌送给你听吧

[02:44.92]曾经的蜜语甜言怎么说变就变

[02:50.93]曾经的沧海桑田是否已经搁浅

[02:57.04]我像只小船到处寻找彼岸

[03:03.46]如果你能看见请给我你的港湾

[03:09.38]我像只小鸟到处寻找蓝天

[03:15.54]如果你能看见请给我你的思念

[03:21.45]我不愿再看见你迷人的容颜

[03:27.51]我只想留住那美好与痛苦的瞬间

[03:34.08]我不愿再说我对你有多眷恋

[03:39.93]因为我对你的爱无需多言

[03:46.24]因为我对你的爱无需多言
收起"
https://www.xiami.com/album/2103677803	一个人的回应	Ais苏希晨	2018.04.09	106	国语	独立发行	录音室专辑	0.0	（评分人数不足10人）	#国语流行 Mandarin Pop	1	https://www.xiami.com/song/1802885134	一个人的回应	106	"暗黄的阁楼
破旧紧锁的木盒
封存着破旧的相片
这些年 我追忆你
写下那年的故事
当初答应为你写首歌
一个人的真心 等一人回答
我知道你在等我开口
要我怎么形容
那年那秋天的我们
勾起支离破碎的残梦

二个人的故事 一个人回应
忍不住和你联系
明知道没结果
却还要执著
为什么心还是痛
是因为心还有那么在乎

二个人的故事 一个人回应
梦醒时刻才发现泪
浸湿了相片
循环着那年的情歌
你横着心说着谎话
最好的我们
一个人的回应
收起"
https://www.xiami.com/album/2103674591	那些年唱过的歌	洋艺洋	2018.04.08	310000	国语	独立发行	录音室专辑	0.0	（评分人数不足10人）	#流行 Pop	36	https://www.xiami.com/song/1802870529	残酷的温柔	314	"你象往常一样地温柔牵着我的手
带我到一个没有人的地方
告诉我你已经不再爱我
你象往常一样地温柔轻轻地轻轻地看着我
慢慢地说但最好是分手
慢慢地说你是你我是我
你如何还能这样地温柔
让我的泪如同流星坠落
你如何还能这样地温柔
当我的心已不能完整地拼凑
你如何还能这样地温柔
让我的泪如同流星坠落
你如何还能这样地温柔
当我的心已不能完整地拼凑
你象往常一样地温柔牵着我的手
带我到一个没有人的地方
告诉我你已经不再爱我
你象往常一样地温柔轻轻地看着我
慢慢地说但最好是分手
慢慢地说你是你我是我
你如何还能这样地温柔
让我的泪如同流星坠落
你如何还能这样地温柔
当我的心已不能完整地拼凑
你如何还能这样地温柔
让我的泪如同流星坠落
你如何还能这样地温柔
当我的心已不能完整地拼凑
收起"
https://www.xiami.com/album/2103675047	再不行动就晚了	廖武斌	2018.04.08	65	国语	独立发行	录音室专辑	0.0	（评分人数不足10人）	#流行摇滚 Pop Rock、#流行 Pop	2	https://www.xiami.com/song/1802873017	再不行动就晚了 伴奏	8	"No lyrics available"
https://www.xiami.com/album/2103674553	星空	吴磊	2018.04.07	2539	国语	独立发行	录音室专辑	0.0	（评分人数不足10人）	#国语流行 Mandarin Pop	3	https://www.xiami.com/song/1802870370	星空	2320	"《星空》

作词：吴磊
作曲：吴磊

[00:00.001]编曲：吴磊
[00:22.816]湛蓝色星空下
[00:27.500]映着你的脸颊
[00:32.092]微笑像天使一样
[00:36.577]眼中藏着忧伤

[00:41.295]人们说过的谎
[00:45.838]这遍布的荒凉
[00:49.913]如果真的不能原谅
[00:54.339]也许可以遗忘

[01:00.913]抬头仰望点点的星光
[01:05.470]其实我们都一样
[01:10.174]温暖的微风吹过脸庞
[01:14.863]你我此刻相视凝望
[01:19.084]什么都不用再讲
[01:24.000]所有悲伤的过往
[01:28.600]能不能让时间停在这一秒

[01:55.140]湛蓝色星空下
[01:59.766]映着你的脸颊
[02:04.393]睁眼望着苍穹
[02:08.913]原来世界很大

[02:13.597]刻在心底的创
[02:18.117]眼泪铸成的墙
[02:22.260]让我带你离开阴霾
[02:26.215]把你城堡融化

[02:33.158]流星划过天边一转眼
[02:37.833]闭上双眼默默许下愿
[02:42.421]手牵着手就会变勇敢
[02:47.000]相信美丽不磨灭瞬间
[02:51.664]即使真的短暂
[02:56.233]就算童话不存在
[03:00.888]能不能让幸福停留这夜晚

[03:11.826]想和你一起冒险
[03:15.049]穿过宇宙的梦幻
[03:21.069]那未知多彩的灿烂
[03:24.224]是我心中的期盼

[03:33.177]抬头仰望点点的星光
[03:37.813]其实我们都一样
[03:42.500]温暖的微风吹过脸庞
[03:47.144]你我此刻相视凝望
[03:51.364]什么都不用再讲
[03:56.252]所有悲伤的过往
[04:01.000]能不能让幸福停留这一秒
收起"
https://www.xiami.com/album/2103672630	心中的晴天 2018·REMIX	艾夫	2018.04.06	41	国语	独立发行	录音室专辑	0.0	（评分人数不足10人）	#流行摇滚 Pop Rock、#流行 Pop	2	https://www.xiami.com/song/1802861431	心中的晴天 2018·Remix Version	23	"心中的晴天 2018・Remix Version


编曲/混音：艾夫
演唱/和声：艾夫/炽霖
电吉他：李泽祺
木吉他：艾夫
制作人：艾夫

是否曾陷入黑夜
是否曾经梦想破灭
想要再多闯一遍
想让幻想真实一点
夜色在蔓延
月光却隐约
怎么看见
我蛰伏着 挣脱着 怒吼着
声嘶力竭

就算那天边塌陷 我不停歇
握紧了双拳 我藐视退却
就算是汗水 模糊了视线
我也不会被轻易击溃
就算那风雨猛烈 花凋谢
年轻的誓言 却没有句点
生命的火焰 撕裂了雨夜
我张开双手用爱迎接
心中的晴天

- Solo by 李泽祺 -

我曾经筋疲力竭
以为前方路途很远
夜空中繁星点点
我曾经许下过诺言
梦想现实间 距离已不远
心向山巅
我奔跑着 攀登着 呼喊着
我有我的天

就算那天边塌陷 我不停歇
握紧了双拳 我藐视退却
就算是汗水 模糊了视线
我也不会被轻易击溃
就算那风雨猛烈 花凋谢
年轻的誓言 却没有句点
生命的火焰 撕裂了雨夜
我张开双手用爱迎接
心中的晴天
收起"
https://www.xiami.com/album/2102704563	一路走来	刘东允	2018.04.05	338	国语	独立发行	录音室专辑	0.0	（评分人数不足10人）	#流行 Pop	1	https://www.xiami.com/song/1795598397	一路走来	338	"No lyrics available"
https://www.xiami.com/album/2103672353	瓜皮翻唱集	黄尘	2018.04.04	9109	国语	独立发行	录音室专辑	0.0	（评分人数不足10人）	#流行摇滚 Pop Rock、#国语流行 Mandarin Pop、#流行 Pop	6	https://www.xiami.com/song/1802859552	knock on heaven's door	1113	"Mama take this badge from me
I can't use it anymore
In dark too dark to see
Feels like I'm knockin'on heaven's door
Kn-kn-knockin'on heaven's door
Kn-kn-knockin'on heaven's door
Kn-kn-knockin'on heaven's door
Kn-kn-knockin'on heaven's door
......
Mama put my guns in the ground
I can't shoot them anymore
That cold black cloud is comin'down
Feels like I'm knockin'on heaven's door
Kn-kn-knockin'on heaven's door
Kn-kn-knockin'on heaven's door
Kn-kn-knockin'on heaven's door
Wow～Yeah
Kn-kn-knockin'on heaven's door
.....
收起"
https://www.xiami.com/album/2103902911	The Dream Hour - Fire	London Starlight Orchestra	2018.04.04	38	英语	CNR Music	录音室专辑	0.0	（评分人数不足10人）	#欧美流行 Western Pop	16	https://www.xiami.com/song/1804546303	Do What You Do	0	"No lyrics available"
https://www.xiami.com/album/2103666039	ふたりの童話	芊汐	2018.04.03	502	日语	独立发行	录音室专辑	0.0	（评分人数不足10人）	#同人音乐 DouJin、#流行 Pop	1	https://www.xiami.com/song/1802829136	ふたりの童話	502	"[00:17.96]こねでいいかどっか
[00:20.10]大丈夫だよ
[00:22.09]やばりあなたが好きです
[00:25.13]愛の言葉わ
[00:27.46]どうやって伝えるのか
[00:29.94]ちょとまって　まだダメよか
[00:33.21]
[00:48.40]あなたのために
[00:50.94]毎日　駅に
[00:52.76]”おはよう”練習している
[00:55.86]君に遅刻した
[00:58.38]パンを　くわえ
[01:00.26]ている様子　大好きが
[01:02.75]ずっとこのままでいたい
[01:06.41]あなたもそう思いますか
[01:10.18]猫のように　猫のように
[01:13.83]君にそばにいる
[01:16.87]こねでいいかどっか
[01:19.41]大丈夫だよ
[01:21.17]やばりあなたが好きです
[01:24.37]愛の言葉わ
[01:26.70]どうやって伝えるのか
[01:28.81]ちょとまって　まだダメよか
[01:32.19]励ましの言葉わ
[01:34.05]ちいさな手わ
[01:35.90]私の心を温めて
[01:38.91]こねわ絆か　どうぞ教えていま
[01:43.83]ふたりの幸せ童話
[01:47.38]
[02:02.29]あなたのために
[02:04.78]料理を　がくぶ
[02:06.66]幻想は　あなたにあげる
[02:09.62]メイドスカイとをちょている
[02:12.22]赤面　した感じ
[02:14.27]あなたにキスしたい　もっと
[02:16.79]君は星空を見ている
[02:20.67]私わあなたを見ている
[02:23.98]猫のように　猫のように
[02:27.70]君にそばにいる
[02:30.77]こねでいいかどっか
[02:33.21]大丈夫だよ
[02:35.01]やばりあなたが好きです
[02:38.24]愛の言葉わ
[02:40.49]どうやって伝えるのか
[02:42.86]ちょとまって　まだダメよか
[02:45.73]励ましの言葉わ
[02:47.72]ちいさな手わ
[02:49.73]私の心を温めて
[02:52.78]こねわ絆か　どうぞ教えていま
[02:57.65]ふたりの幸せ童話
[03:00.90]
[03:30.44]君は星空を見ている
[03:34.09]私わあなたを見ている
[03:37.80]猫のように　猫のように
[03:41.46]君にそばにいる
[03:44.57]こねでいいかどっか
[03:47.03]大丈夫だよ
[03:48.89]やばりあなたが好きです
[03:52.04]愛の言葉わ
[03:54.32]どうやって伝えるのか
[03:56.75]ちょとまって　まだダメよか
[04:00.08]励ましの言葉わ
[04:01.85]ちいさな手わ
[04:03.58]私の心を温めて
[04:07.40]こねわ絆か　どうぞ教えていま
[04:11.51]ふたりの幸せ童話
[04:14.74]
收起"
https://www.xiami.com/album/2104413194	杭州	ZH张赫	2018.04.02	1	国语	独立发行	录音室专辑	0.0	（评分人数不足10人）	#流行 Pop	0
https://www.xiami.com/album/2103660622	你在哪？	六神	2018.04.01	222	国语	DMG（狗党）	录音室专辑	0.0	（评分人数不足10人）	#流行 Pop	1	https://www.xiami.com/song/1802803299	你在哪？	222	"            你在哪?
          I need you

      作曲:六神哥哥
      作词:六神哥哥

一杯Raph好像刚刚好
女主角在哪找也找不到
在美梦中睡着 这感觉非常好
hey gril你在哪 我一直在祈祷
我梦中有个梦 梦里没有痛
挽留也没有用 maybe你不属于我
这游戏开始了 像是一段punchline
你在哪儿 请给我一点提示 别让我迷失了
但别急慢慢来 虽然我已等不急了
你不要躲起来 让我一直在猜忌着
跟我举起你的双手 一起召唤丘比特
你声音真的太甜 呀 我快被融化了
好运会一直在这 有你的时光才够快乐
一切都听你的里 对 你是我宠坏的
我会一直在这里 在这个路口等你
回来 别犹豫 你男友是真的真的不行
给我你的手 让我牵着一直走
带你去坐海盗船 我是你的Romeo
Ok Let's go 去大海里游泳
穿过你的身体 烦恼全都抛在后
你躺在我的怀里 风景会不同
别叫醒这场梦 一直不回头的走
我真的搞不懂 你一直做梦
你在哪 你在哪 我像是走进了迷宫

我一直以为 你会伴我左右
别叫醒我 或许 这是场梦
你在哪 快来吧 没你太平庸
我幼稚 以为有你 生活会不同

陪我过不一样的生活 会是不一样的你
我注定和你不同 loser别来跟我比
假如有趣的我偶然碰到更有趣的你
可能会用一百种方式嗨到天亮直到自己都不自己
问你刺激不刺激 你是玫瑰我是笔
刻画你的容颜 留下最真实的你
My baby, Are you read?
I just want u know me.       
有很多时候在骗自己
却假装不再意
等意外先来临 红酒在加点冰
做我的Hermes这感觉太走心
Gucci gucci baby你别再犹豫 sg
Crazy crazy I want just do it lady 
全部都给你 刚刚好 的距离
这感觉太焗丽 无 法抗拒你
看太阳慢慢的升起 故事一直在继续
想要和你一直缠绵 I just only you baby

我一直以为 你会伴我左右
别叫醒我 或许 这是场梦
你在哪 快来吧 没你太平庸
我幼稚 以为有你 生活会不同
收起"
https://www.xiami.com/album/2103655455	《你的创作一文不值》	陈演	2018.03.31	883	国语	独立发行	录音室专辑	0.0	（评分人数不足10人）	#摇滚 Rock & Roll、#流行 Pop	7	https://www.xiami.com/song/1802775463	假日	82	"《假日》



已经不听难为的话
别人说的话
都无关我的想法
已经不看风景变迁和一些变化
都无关我的规划
唱过的某一首歌
听过的某一句话
都将预示着将来的变化
看多了人心争端
去过了许多地方
才发现大家其实一样
我们都在一条河里长大尽情的玩耍
挥霍着岸边的沙
我们的眼睛从明亮开始变得混沌呀
注视着价值的残渣
为爱付出够多吗
为梦万死不辞吗
无所谓盲目的那样过吗
为生努力活过吗
为死努力拒绝吗
无所谓的面对那样吗
已经失去生命最好时光
最好的一切在此刻默默思念
已经看过世间最坏岁月
最糟的一切把浮沉转为纯粹
我们都在一条河里长大尽情的玩耍
挥霍着岸边的沙
我们的眼睛从明亮开始变得混沌呀
注视着价值的残渣
为爱付出够多吗
为梦万死不辞吗
无所谓盲目的那样过吗
为生努力活过吗
为死努力拒绝吗
无所谓的面对那样吗（就走吧）
制作/录音：陈演
混音/母带：陈演
也许我们只有这样下去，才不会疲惫
收起"
https://www.xiami.com/album/2103656028	你好邓燕	陈缘	2018.03.30	92	国语	独立发行	录音室专辑	0.0	（评分人数不足10人）	#流行 Pop	1	https://www.xiami.com/song/1802777209	邓燕	92	"七封情书-陈缘
词：陈缘
曲：陈缘
唱：陈缘
独白：
现在是北京时间
2017年11月30日
凌晨两点四十五分
我要死了
周围特别的安静
父母在走廊里
她在我的旁边
我希望最后一程是她送我的

我写了七封情书
可能并不突出
看之前要说好
这一次不能哭

第一封是遇见
让我对你留恋
还记得初次见面
我说了一句抱歉

第二封是喜欢
你真的不一般
你已在我心里
悄悄把心门关

第三封是一起
你在我的心里
我记得我曾为你
写断了一支铅笔

第四封是陪伴
我们一起患难
我看着这个房间
你我互相一半

第五封是生活
时光慢慢消磨
还要一起约定
看你变成老太婆

第六封是婚纱
你是我爱的她
我终于能够给你
一个温暖的家

第七封是癌症
时间已不多剩
对不起我做不到
当初那个约定

喂
我喜欢你
我好像爱上你了

宝贝你不能哭
你不能再掉泪珠
能想象到你在小屋
抱着照片傻呼呼

我看着头顶的灯
像看完了一生
有人在我耳边哼
我就只能聆听

我好像不能说话
我看你泪如雨下
我多想再摸你的脸
别再为我牵挂

你长又亮的马尾
永远都那么美
我将要踏上铁轨
一直走向西北
收起"
https://www.xiami.com/album/2104554180	别再说爱	钰鉴	2018.03.30	4	国语		录音室专辑	0.0	（评分人数不足10人）	#流行 Pop	1	https://www.xiami.com/song/1809739333	别再说爱	4	"别再说爱 原创
作词：中国乌贼
作曲：钰鉴
编曲：钰鉴

凌晨三点半 第几次从梦中醒来
松开了手 早已握不住的未来
痛苦 期待交织在脑海
继续 固执 的等待

让香烟再燃烧 掩盖她熟悉的味道
其实知道 它只是在你心头绕
彻夜 有个声音在咆哮
忘了她 怎样能做得到

就走开 别回来 谁也别再说爱
保护你的男人 早已开始对你坏
感情早已 不再澎湃
别傻傻的等待 你的爱
其实心里 都明白

就走开 又回来 还在痛苦徘徊
深爱你的男人 早已开始对你坏
感情也早已 不再澎湃
还傻傻的等待 你的爱
骗自己说 不明白

真心的付出 伤痕应该如何缝补
于是躲在 夜里哭

别再说爱
收起"
https://www.xiami.com/album/2103666020	回放记忆	SweeT张唯	2018.03.29	106	国语	独立发行	录音室专辑	0.0	（评分人数不足10人）	#国语流行 Mandarin Pop、#流行 Pop	2	https://www.xiami.com/song/1802937464	回放记忆	55	"回放记忆-SweeT张唯

作词：SweeT张唯

作曲：SweeT张唯
回想起每一条你传来的简讯
都是我们曾经谈论的话题
虽然身边早已没了你的身影
可是我还是不停再回放记忆
习惯你专属的气息扰乱思绪
幸福的瞬间怪我没有珍惜
现在的我终于能够看清自己
找不到 关于你的痕迹
第一次相遇时候
风吹过有一点温柔
还记得你的笑容
让我忘了要说什么
喧闹的人群之中
好不容易让我们相逢
誓言说的多么生动
最后还是让你逃走
一眨眼 故事说了好几年
那一天 仿佛还是像昨天
才发现 过去突然很遥远
谁在你身边 会不会想念
曾经我 想带你看全世界
变成了 无法兑现的诺言
一天天 生活还不停上演
不说再见 是不是还会再见
从前 依靠着彼此的原点
渐渐 变成了疏离的画面
改变 改不了离开的时间
再也看不见 有你的明天
偶尔看到好的风景
还想留给你
就好像时间倒流回去
我们还在一起
可能你现在过得很好
不再需要我来担心
开始麻痹我的神经
别再清醒
回想起每一条你传来的简讯
都是我们曾经谈论的话题
虽然身边早已没了你的身影
可是我还是不停再回放记忆
习惯你专属的气息扰乱思绪
幸福的瞬间怪我没有珍惜
现在的我终于能够看清自己
找不到 关于你的痕迹
从前 依靠着彼此的原点
渐渐 变成了疏离的画面
改变 改不了离开的时间
再也看不见 有你的明天
偶尔看到好的风景
还想留给你
就好像时间倒流回去
我们还在一起
可能你现在过得很好
不再需要我来担心
开始麻痹我的神经
别再清醒
回想起每一条你传来的简讯
都是我们曾经谈论的话题
虽然身边早已没了你的身影
可是我还是不停再回放记忆
习惯你专属的气息扰乱思绪
幸福的瞬间怪我没有珍惜
现在的我终于能够看清自己
找不到 关于你的痕迹
收起"
https://www.xiami.com/album/2103651614	平凡之路	王小武	2018.03.28	5020	国语	独立发行	录音室专辑	0.0	（评分人数不足10人）	#流行 Pop	1	https://www.xiami.com/song/1802756900	平凡之路	5020	"王小武 - 平凡之路

词：韩寒/朴树

曲：朴树

徘徊着的 在路上的

你要走吗 Via Via

易碎的 骄傲着

那也曾是我的模样

沸腾着的 不安着的

你要去哪 Via Via

谜一样的 沉默着的

故事你真的在听吗

我曾经跨过山和大海

也穿过人山人海

我曾经拥有着的一切

转眼都飘散如烟

我曾经失落失望失掉所有方向

直到看见平凡才是唯一的答案

当你仍然 还在幻想

你的明天 Via Via

她会好吗 还是更烂

对我而言是另一天

我曾经毁了我的一切

只想永远地离开

我曾经堕入无边黑暗

想挣扎无法自拔

我曾经像你像他像那野草野花

绝望着 也渴望着

也哭也笑平凡着
收起"
https://www.xiami.com/album/2103651612	皇朝之巅	王小武	2018.03.28	120	国语	独立发行	录音室专辑	0.0	（评分人数不足10人）	#流行说唱 Pop Rap、#流行 Pop	1	https://www.xiami.com/song/1802756880	皇朝之巅	120	"王小武 - 皇城之巅

江山踏破铁蹄 万里山河星移

望天下 一览无遗 今日续说传奇

男儿志在天下 放下儿女牵挂

听战火 群雄争霸 势必战到白发

看过去 看今朝 足已踏遍云霄

我手中的一把刀 还有何人敢超

王者半生杀戮 从未有过止步

我乃浪子不归路 世人可有描述

皇城指鹿为马 杀人眼却不眨

空荡亡魂被施法 关在九天宝塔

剑已达到巅峰 只闻厉鬼声声

众军将士随我出征 随我踏入城中

虽已得到天下 心中仍有牵挂

这段传奇成为佳话 可是情却难踏

我乃浪子一人 贪恋世间红尘

克心中的烈胆英魂 乃是王道之门

娇女伴我身旁 杀戮天下何妨

左肩纹上歌者宇扬 这个世人的王

今生手足兄弟 永生永世铭记

多年后 请你回忆 战旗是为谁立

多年后就你回忆 战旗是为谁立
收起"
https://www.xiami.com/album/2103649058	我要归隐山林	蒋轶轩	2018.03.27	1143	国语	WELAINK 威徕特文化创意有限公司 &amp; Razbeatz Media Group	录音室专辑	0.0	（评分人数不足10人）	#电子 Electronic、#新世纪音乐 New Age、#流行 Pop	7	https://www.xiami.com/song/1802744388	山	16	"作词：李默
作曲：虞越
编曲：虞越
混音：虞越

太古之心
脱去海洋的衣
见过鱼群环绕 飞鸟迁徙
听惯潮汐流转 晨风夜雨
眼看森林 破土又凋零
层层迷雾 弥漫又清晰
只是匆匆 了无痕迹

不代表谁的承诺
不守护谁的秘密
它在那儿 沉默不语
只听见呼吸

疲倦的眼
浏览每一颗星
有时幻化迷离 有时静寂
曾经沧海 没有过悲喜
看尽时光 没留下记忆
掌纹交织 谁能解读
神的游戏
日日年年 月换又星移
只是匆匆 去留无意

没人记起的名字
早已风化的诗句
它在那儿 沉默不语
只剩下呼吸

没有结局的预言
无法证明的真理
它在那儿 它在那儿
沉默不语
收起"
https://www.xiami.com/album/2103641747	Blue in white	伊夏	2018.03.25	4355	国语	独立发行	录音室专辑	0.0	（评分人数不足10人）	#神游舞曲 Trip Hop、#梦幻流行 Dream Pop	12	https://www.xiami.com/song/1802691781	坠落	47	"这世界谁也不懂 也没意义
只是随草而生 随风而逝
点亮了这一边 又熄灭了那一边
在消失的一瞬间 轻轻坠落
不要想太多 一切总归消失
那些你想爱的人 渴望的人
那些无法忘记的 都会忘记
走呗 人间的精灵
去你想去的世界
坠落 人间的精灵
在他们偷走你的梦前
你会碰到我
说另一种语言
晚安好梦
晚安好梦



制作人：Aray
编曲/混音：Aray
吉他：Aray
和声编写：伊夏
收起"
https://www.xiami.com/album/2103638644	那一刻	胡杨	2018.03.24	45000	国语	独立发行	录音室专辑	0.0	（评分人数不足10人）	#民谣 Folk、#国语流行 Mandarin Pop、#电音流行 Electropop	8	https://www.xiami.com/song/1803770494	夕阳美利坚	29	"夕阳美利坚
于清辉 郭辉凡 词 胡杨 曲 编曲演奏录制
夕阳下大峡谷
一片一片金黄黄
峡谷远方的霓虹灯
闪闪烁烁的大赌场
广阔的大草原
没有迷失的羔羊
冷风中的孤独人
夕阳下面的美利坚
有人说不管是古代现代
还不是一样的匆匆忙忙,
等轮到我们这一代
也许没有迷失也只是旁徨
有人说无论是东方西方
还不是一样的太阳月亮,
照耀著我们这一群
也许一样挣扎不同的成长
夕阳下的孤独人
只有空空的行囊
流浪的心里装满了
装满著流浪的理想
脚下的路长长
将有的夜也凉凉凉
冷风中的孤独人
夕阳下面的美利坚
有人说不管是古代现代
还不是一样的匆匆忙忙,
等轮到我们这一代
也许没有迷失也只是旁徨
有人说无论是东方西方
还不是一样的太阳月亮,
照耀著我们这一群
也许一样挣扎不同的成长
有人说不管是古代现代
还不是一样的匆匆忙忙,
等轮到我们这一代
也许没有迷失也只是旁徨
有人说无论是东方西方
还不是一样的太阳月亮,
照耀著我们这一群
也许一样挣扎不同的成长
有人说不管是古代现代
还不是一样的匆匆忙忙,
等轮到我们这一代
也许没有迷失也只是旁徨
有人说无论是东方西方
还不是一样的太阳月亮,
照耀著我们这一群
也许一样挣扎不同的成长
[04:32.91
收起"
https://www.xiami.com/album/2103637894	趁雨还没停	赵炘屿	2018.03.24	223	国语	独立发行	录音室专辑	0.0	（评分人数不足10人）	#流行 Pop	1	https://www.xiami.com/song/1802667446	趁雨还没停	223	"趁雨还没停



混音：奶妈月
也等到 这般荒凉光景
我的决意 还是揭穿了谜底
又正如 窗外阴云湿雨
送我离去 直到那灿烂之地
一把孤伞勉强撑起的安静
忽然像一场相遇的见面礼
雨帘如云雾而你悄然入镜
慢雨回转而我却擦肩动情
趁雨还没停 让一眼留住身影
你的风景秀丽了我的心 清甜纯净
趁雨还没停 让缘分沁入两心
你的回眸如春风沐细雨 生了钟情
也等到 这般荒凉光景
我的决意 还是揭穿了谜底
又正如 窗外阴云湿雨
送我离去 直到那灿烂之地
一把孤伞勉强撑起的安静
忽然像一场相遇的见面礼
雨帘如云雾而你悄然入镜
慢雨回转而我却擦肩动情
趁雨还没停 让一眼留住身影
你的风景秀丽了我的心 清甜纯净
趁雨还没停 让缘分沁入两心
你的回眸如春风沐细雨 生了钟情
趁雨还没停 让一眼留住身影
你的风景秀丽了我的心 清甜纯净
趁雨还没停 让缘分沁入两心
你的回眸如春风沐细雨 生了钟情
收起"
https://www.xiami.com/album/2103641687	我的城市人生	醉歌	2018.03.24	18	国语	独立发行	录音室专辑	0.0	（评分人数不足10人）	#国语流行 Mandarin Pop	2	https://www.xiami.com/song/1802691559	我的城市人生	17	"[00:05.29]我的城市人生
[00:10.44]词曲唱：潘德刚（奎哥）
[00:32.78]村里的小路绵延悠长
[00:40.44]通向了我的遥远梦想
[00:47.89]带着祝福带着嘱托
[00:55.42]我走出家门怀揣希望
[01:02.98]城市的人流熙熙攘攘
[01:10.39]我漫步大街穿越小巷
[01:17.90]踏遍坎坷走过艰辛
[01:25.35]才明白苦酒要自己品尝
[01:36.92]我的人生我的方向
[01:44.13]在这繁华中充满沧桑
[01:51.59]我的人生我的坚强
[01:59.16]被这喧嚣声淹没埋葬
[02:36.65]城市的人流熙熙攘攘
[02:44.21]我漫步大街穿越小巷
[02:51.70]踏遍坎坷走过艰辛
[02:59.16]才明白苦酒要自己品尝
[03:10.53]我的人生我的理想
[03:17.89]在这雪雨中经历风霜
[03:25.41]我的人生我的向往
[03:32.91]要拨开乌云重见阳光
[03:40.43]我的人生我的理想
[03:47.92]在这雪雨中经历风霜
[03:55.45]我的人生我的向往
[04:02.95]要拨开乌云重见阳光
[04:10.43]我的人生我的向往
[04:17.99]要拨开乌云重见阳光
收起"
https://www.xiami.com/album/2103635331	Mamamoo《Starry Night》	阿米丢丢	2018.03.22	175000	韩语	独立发行	录音室专辑	0.0	（评分人数不足10人）	#流行舞曲 Dance-Pop、#女子团体 Girl Group、#韩国流行 K-Pop	1	https://www.xiami.com/song/1802651856	Mamamoo《Starry Night》	175000	"[00:04.30]◇演唱/和音/混音：阿米丢丢
[00:08.23]◇微博@AhhhhDiu_
[00:12.46]------------------
[00:16.16]손끝이 시리더니 벌써 봄이 왔네
[00:20.05]꿈같은 바람이 불어 곳곳에
[00:24.16]여느 때 와는 다른 듯한 이 기분이 반가워
[00:28.95]내일은 좀 다른 날이 되려나
[00:31.50]어둠의 그림자 깊은 이 밤에 남겨진
[00:35.30]달이 달이 밝아와
[00:36.78]빛을 그리고 있어
[00:39.09]내 몸에서 널 뺀 만큼
[00:40.86]욕조에 물이 미련이 되어
[00:42.59]넘쳐흘러한숨이 가득
[00:44.82]그 공간을 채워
[00:46.40]새벽이 찾아오면
[00:50.33]혼자 남겨질 때면
[00:55.90]Starry night
[00:57.07]별이 빛나는 밤
[00:59.79]네가 휘휘휘 불어와
[01:03.87]너와 나
[01:04.76]나눈 수많은 밤
[01:07.44]나를 취하게 만들어
[01:10.63]별이 빛나는 밤
[01:15.89]야야야야이야
[01:18.36]별이 빛나는 밤
[01:23.57]야야야야야야야
[01:26.06]별이 빛나는 밤
[01:27.62]겨울이 지나고 또다시 꽃은 피고
[01:31.62]따뜻한 공기 냄새가 날 감싸
[01:35.74]달라진 거 없는 똑같은 일상이 반복돼
[01:40.59]그래도 내일을 기다려봐
[01:43.05]하루에 끝에서 이 자리에 남아서
[01:46.80]날이 날이 새도록
[01:48.38]너를 그리고 있어
[01:50.51]Do you want me to leave?No!
[01:52.24]난 그 자리 그대로
[01:54.15]까만 밤하늘에 가려
[01:56.13]잠시 보이지 않는 거야
[01:58.08]새벽이 찾아오면
[02:01.79]혼자 남겨질 때면
[02:07.58]Starry night
[02:08.64]별이 빛나는 밤
[02:11.35]네가 휘휘휘 불어와
[02:15.45]너와 나
[02:16.38]나눈 수많은 밤
[02:19.10]나를 취하게 만들어
[02:22.19]별이 빛나는 밤
[02:27.48]야야야야이야
[02:29.96]별이 빛나는 밤
[02:35.22]야야야야야야야
[02:37.70]별이 빛나는 밤
[02:39.61]Starry Starry Night
[02:41.54]네가 없는 밤
[02:43.46]가슴이 공허해
[02:45.49]우리의 풍경이 저물어가
[02:48.32]현실을 부정해 눈을 감아
[02:50.19]도네가 보여 왜 아른거려
[02:52.14]Leave me alone
[02:53.59]무너져 가네
[02:56.26]Starry night
[02:57.12]별이 빛나는 밤
[02:59.71]네가 휘휘휘 불어와
[03:03.81]너와 나
[03:04.76]나눈 수많은 밤
[03:07.39]나를 취하게 만들어
[03:10.59]별이 빛나는 밤
[03:15.84]야야야야이야
[03:18.29]별이 빛나는 밤
[03:23.54]야야야야야야야
[03:26.05]별이 빛나는 밤
收起"
https://www.xiami.com/album/2103649130	李花一	李俊	2018.03.21	148	国语	独立发行	录音室专辑	0.0	（评分人数不足10人）	#民谣流行 Folk Pop、#流行 Pop、#华语唱作人 Chinese Singer-Songwriter	1	https://www.xiami.com/song/1802744635	爱的墓志铭	148	"和声：杨璐璐
录音/混音：李俊

我会想起你
当我就要死去
我会看见你
当我闭上眼睛
死 是为了保佑你
生 是为了呼唤你
我将会化作风中每一颗尘粒
吻干你天真脸庞每一滴泪滴
我爱你 天堂或地狱 此心永不渝
永不分离永远守护你
我将会化作风中幸福的空气
填满你美丽心中每一寸土地
我爱你 不要再哭泣 勇敢走下去
快乐像我一样永伴你
嗯……
啊……
我将会化作风中每一颗尘粒
吻干你天真脸庞每一滴泪滴
我爱你 天堂或地狱 此心永不渝
永不分离永远守护你
我将会化作风中幸福的空气
填满你美丽心中每一寸土地
我爱你 不要再哭泣 勇敢走下去
快乐像我一样永伴你
我会想起你
当我就要死去
我会看见你
当我闭上眼睛
收起"
https://www.xiami.com/album/2103627759	今生注定爱上你	五月旭歌	2018.03.20	3256	国语	英曼唱片	录音室专辑	0.0	（评分人数不足10人）	#国语流行 Mandarin Pop	8	https://www.xiami.com/song/1802597413	爱你是我犯的错 (伴奏)	15	"No lyrics available"
https://www.xiami.com/album/2103619999	留在时光里	马曲辰	2018.03.19	53000	国语	独立发行	录音室专辑	0.0	（评分人数不足10人）	#流行 Pop	4	https://www.xiami.com/song/1802759333	忆浅夏	13000	"《忆浅夏》
《腹黑老公请放手》主题曲
——作词：海韵

梦中月影婆娑
林间吟唱那首老歌
谁的声音穿破红尘
让我再次微微噙着泪
仿佛看到你一身霞光踏着海浪来
在传说中的海岛之巅寻找月之石

那年浅夏徘徊
沙滩印下脚印无数行
谁的身影晕染夕阳
回眸望你眉眼如画
那身衣袂轻扬海风中微微飘起来
笑意中你道着许久不见别来无恙

开启暮色中的城堡
我在这里等你
等你来等你来等你来
可愿一起走向那城堡
我微笑中点头
等你来等你来等你来

城堡中的月光泛起千年的光
就像秦时明月穿越来
你浅笑轻抚我秦时般的长发
说青丝如墨情如丝
剪不断理还乱
你轻吟浅唱许下永远不变
我微微呢喃轻和地老天荒
千年月色微微缱绻中
共舞一曲杺韵浓杺韵浓

啊......
海风追我心飞
吹乱我被错过的年华
啊......
城堡荒我心芜
荒芜了等待中的流年
啊......
月色冷我心凉
染白我千丝万缕的发

时光的脚步不停在蹁跹在蹁跹
转瞬间已是几个夏几个夏
我的心却还一直停留在
那年浅夏那年浅夏中
从未走开从未走开从未走开过
收起"
https://www.xiami.com/album/2103617547	Mars	Dramamini	2018.03.18	16	英语	Minos - EMI SA	录音室专辑	0.0	（评分人数不足10人）	#欧美流行 Western Pop	14	https://www.xiami.com/song/1802512806	Aspro Pato	1	"No lyrics available"
https://www.xiami.com/album/2103617490	最亲的人 - 娜丫头	吴秀可	2018.03.17	64000	国语	东阳秀可影视文化有限公司	录音室专辑	0.0	（评分人数不足10人）	#国语流行 Mandarin Pop	1	https://www.xiami.com/song/1802512599	最亲的人	64000	"演唱：娜丫头
词：张维
曲：徐一鸣
翻过了一座山
越过了一道弯
撩动白云蓝天蓝
望眼平川大步迈向前
感谢着人间爱
传承了千万年
亲邻好友笑开颜
梦里梦外喜悦春光暖
花开山岗那个红艳艳
绿水青山不问是何年
离家的日子又到了冬天
谢谢我最亲的人挂牵
门前的小树已成年
阻挡着风雨来得突然
家中的爸妈皱纹呈现
翻过岁月陪您到永远
感谢那人间爱
传承了千万年
亲邻好友笑开颜
梦里梦外喜悦春光暖
花开山岗那个红艳艳
绿水青山不问是何年
离家的日子又到了冬天
谢谢我最亲的人挂牵
门前的小树已成年
阻挡着风雨来得突然
家中的爸妈皱纹呈现
翻过岁月陪您到永远
花开山岗那个红艳艳
绿水青山不问是何年
离家的日子又到了冬天
谢谢我最亲的人挂牵
门前的小树已成年
阻挡着风雨来得突然
家中的爸妈皱纹呈现
翻过岁月陪您到永远
翻过岁月陪您到永远
收起"
https://www.xiami.com/album/2103909674	超额负载	刘森涛	2018.03.17	14	国语	独立发行	录音室专辑	0.0	（评分人数不足10人）	#流行 Pop	1	https://www.xiami.com/song/1804627716	超额负载	14	"我在研读
落款上你的名字
是用心勾勒的
或一笔带过的
若我发现了什么
足以证明你舍不得
管你狠话再多
我只想见你更多

我试着忙碌不停
回忆也曾闹了几次
放任记忆在耕耘
不要求刻意去忘记
若你发现了什么
发现其实我很落魄
求你不要笑我
只不过是我爱得太多

我脑电路已经负载
感觉像天祸人灾
你却消失于人海
让我心情失落又落魄

我的爱超额负载
像被抛到太空外
你却住在我脑海
梦境里你依然没离开

我在研读
落款上你的名字
是用心勾勒的
或一笔带过的
若我发现了什么
足以证明你舍不得
管你狠话再多
我只想见你更多

我试着忙碌不停
回忆也曾闹了几次
放任记忆在耕耘
不要求刻意去忘记
若你发现了什么
发现其实我很落魄
求你不要笑我
只不过是我爱得太多

我脑电路已经负载
感觉像天祸人灾
你却消失于人海
让我心情失落又落魄

我的爱超额负载
像被抛到太空外
你却住在我脑海
梦境里你依然没离开

我脑电路已经负载
感觉像天祸人灾
你却消失于人海
让我心情失落又落魄

脑电路已经负载
这拖沓冗长的剧情还要多久多久
是时候挥手告别
免得让我的伤口又开裂
我的爱超额负债
像被抛到太空外
这感觉真的天祸人灾
一切只不过是我爱的太多
LESTER LAU
收起"
https://www.xiami.com/album/2103613148	闽南语老歌精选 2	吴国良	2018.03.15	43000	闽南语	独立发行	录音室专辑	8.6	(55人评分)	#闽南语流行 Bân-lâm-gú Pop	12	https://www.xiami.com/song/1802476100	爱你在心底	3065	"爱你在心底



原唱：罗时丰
演唱：吴国良

谢谢欣赏

小姐小姐请你免歹势
i love u more than i can say
不是我青采对你练肖话
真心袂黑白丢落地
小姐小姐请你听详细
我爱你这是心内话
恋爱中当然就要听这条
love u 无一定就i can say
一声心爱的心爱的
请你麦搁乎我头犁犁
春风一直吹一直吹
吹着我心肝随你飞随你飞
小姐小姐请你看详细
这是我真心的情批
虽然才短短写没几句话
拢是我爱你在心底

谢谢欣赏

小姐小姐请你免歹势
i love u more than i can say
不是我青采对你练肖话
真心袂黑白丢落地
小姐小姐请你听详细
我爱你这是心内话
恋爱中当然就要听这条
love u 无一定就i can say
一声心爱的心爱的
请你麦搁乎我头犁犁
春风一直吹一直吹
吹着我心肝随你飞随你飞
小姐小姐请你看详细
这是我真心的情批
虽然才短短写没几句话
拢是我爱你在心底
一声心爱的心爱的
请你麦搁乎我头犁犁
春风一直吹一直吹
吹着我心肝随你飞随你飞
小姐小姐请你看详细
这是我真心的情批
虽然才短短写没几句话
拢是我爱你在心底

谢谢欣赏
收起"
https://www.xiami.com/album/2103779510	Tots Els Meus Principis	Els Catarres	2018.03.15	88	英语	Música Global Discogràfica S.L	录音室专辑	0.0	（评分人数不足10人）	#欧美流行 Western Pop	12	https://www.xiami.com/song/1803541191	L'art de Viure	66	"No lyrics available"
https://www.xiami.com/album/2103610896	Tilefonise Mou - Ta Kalitera Tragoudia 1996 - 2002	vasilis karras	2018.03.15	7	英语	Minos - EMI SA	录音室专辑	0.0	（评分人数不足10人）	#欧美流行 Western Pop	19	https://www.xiami.com/song/1802459835	To Dilitirio	2	"No lyrics available"
https://www.xiami.com/album/2103609822	想你的每一个夜里	风花（付春花）	2018.03.14	1923	国语	独立发行	录音室专辑	0.0	（评分人数不足10人）	#成人时代 Adult Contemporary、#独立流行 Indie Pop、#流行 Pop	1	https://www.xiami.com/song/1802453214	想你的每一个夜里【陈福平】男首唱	1923	"想你的每一个夜里
词曲:陈福平/风花

演唱：陈福平
字幕：风花

一遍遍的翻看手机
害怕错过你的消息
翻来覆去没有睡意
你左右着我的思绪
无奈我们分隔两地
寂静的夜里更想你
挥之不去的是回忆
我用思念折磨自己
我是那么的爱你
多想把你捧在手心
一次次的梦中相遇
醒来只剩腮边泪滴
我是那么的爱你
好想把你拥在怀里
这辈子也不放开你
想你在每一个夜里
歌曲：想你的每一个夜里
词曲:陈福平/风花

演唱：陈福平
字幕：风花

一遍遍的翻看手机
害怕错过你的消息
翻来覆去没有睡意
你左右着我的思绪
无奈我们分隔两地
寂静的夜里更想你
挥之不去的是回忆
我用思念折磨自己
我是那么的爱你
多想把你捧在手心
一次次的梦中相遇
醒来只剩腮边泪滴
我是那么的爱你
好想把你拥在怀里
这辈子也不放开你
想你在每一个夜里
想你在每一个夜里
╰ぷ谢谢欣赏ぷ╯
收起"
https://www.xiami.com/album/2103609733	陈驹精选	陈驹	2018.03.13	4000	国语	独立发行	录音室专辑	0.0	（评分人数不足10人）	#流行 Pop	2	https://www.xiami.com/song/1802453061	让你拽	109	"让你拽
词曲 陈驹
A1
耶 不知从何时开始 嘻哈变娱乐品 写歌或听歌的都 莫名的神气

在我看你们只不过 是综艺操控的机器 愣是把嘻哈变成嘻嘻哈哈的玩意儿

你们还没有资格 和能力去让我愤怒 你们的音乐态度只是让我想笑又想吐 嘻哈本来就只是 音乐的 一种风格 牛x的是音乐本身 不是写歌或听歌的

B
让你拽 让你拽 好好写歌不要作怪
让你拽 让你拽 好好听歌不要作怪
让你拽 让你拽 你们怎么就不明白

C

写嘻哈真没啥了不起 写歌从来就都不容易
听嘻哈更没啥了不起 请你们不要再xxx 嘘

A2
耶 不知从何时开始 嘻哈无人问津 音乐app搜不出 某人的歌曲

难道所谓的“嘻哈”真的那么不堪一击 区区一个女人就能把你们全摆平

你们到现在还没听明白我讲的东西 你们要怎么才能真正的听得进去 被摆平的是你们 而不是嘻哈本身 嘻哈不死音乐不死 跟你们 没关系
收起"
https://www.xiami.com/album/2103608272	Sml	EeV	2018.03.13	242	纯音乐	独立发行	录音室专辑	0.0	（评分人数不足10人）	#浩室舞曲 House、#电子 Electronic、#流行 Pop	1	https://www.xiami.com/song/1802440888	Sml	242	"No lyrics available"
https://www.xiami.com/album/2103605253	千古颂	许千千	2018.03.12	79	国语	独立发行	录音室专辑	0.0	（评分人数不足10人）	#国语流行 Mandarin Pop	1	https://www.xiami.com/song/1802418164	千古颂	79	"再多的话也赞不完美丽的山河
再多的歌也唱不完英雄的故事
历史的长河记载着我们先烈
都是民族英雄都是国家的荣誉

总有一些这样的同志
志诚道合做一些留存的事
留下一些不能忘记历史
留下365个故事

千古颂
民族英雄
千古绝唱是那些风流人物
千画册
中国梦
印着万世流传复兴之路

千古颂
百年传奇
千古绝唱是我中华脊梁
千画册
正能量
化作中华民族的精神符号
收起"
https://www.xiami.com/album/2103657230	凌晨	王文杰	2018.03.11	30	国语	独立发行	录音室专辑	0.0	（评分人数不足10人）	#流行说唱 Pop Rap、#国语流行 Mandarin Pop	1	https://www.xiami.com/song/1802786214	凌晨	30	"勇敢的 向前走 不停走

你说我是个 无畏的英雄

逆着风 别回头 不回头的走

荣耀的背后 走的路
我的痛 我的梦 没人懂

你我都失望过 无奈过
堕落过 迷茫过 笑容里的痛

想起鼓掌的时候 愈合伤口的痛
不用不去理会那些人的感受
我只要努力做好自己的时候
不在感觉生活那么的堕落

你的港湾能借我躲一躲吗

我心里少片草原你能把他给我吗


朋克养生成了我的日常
安眠药到了我这里也只是失效药
不管我多想要
要不到 得不到
晚安都说了几遍还是继续唱
只有我唱着 耗的 累了 卷了
才是句号 他们这样会满意的笑
现在来数数看我的人生还有多少个逗号
收起"
https://www.xiami.com/album/2103603889	《She Do It》	郝如心	2018.03.11	21	国语	独立发行	录音室专辑	0.0	（评分人数不足10人）	#流行 Pop	1	https://www.xiami.com/song/1802411254	she do it	21	"Da la Da la
Da la Da la

不能向你靠近
早已不是自己
穷途末路之后铁门将我关闭
没说完的话语
无法摆脱定义
厌倦被失眠判处的终身监禁
我想逃离这里
更不懂我自己
地狱天堂在你一念之间而已
见面不要怀疑
爱你一如往昔
在我身边，感觉，心隔着万里
不知为何这样，心徘徊不前
时钟总是应验，反转了一圈。
But,She Do It。But,She Do It。
Tell Me Can you feel it
She Do It。But,She Do It。
Tell Me Can you feel it

Da la Da la
Da la Da la

不能向你靠近
早已不是自己
穷途末路之后铁门将我关闭
没说完的话语
无法摆脱定义
厌倦被失眠判处的终身监禁
我想逃离这里
更不懂我自己
地狱天堂在你一念之间而已
见面不要怀疑
爱你一如往昔
在我身边，感觉，心隔着万里
不知为何这样，心徘徊不前
时钟总是应验，反转了一圈。
But，She Do It。But,She Do It。
Tell Me Can you feel it
She Do It。But,She Do It。
Tell Me Can you feel it
She Do It。But,She Do It。
Tell Me Can you feel it
She Do It。But,She Do It。
Tell Me Can you feel it
She Do It。But,She Do It。
Tell Me Can you feel it
She Do It。But,She Do It。
Tell Me Can you feel it

Da la Da la
Da la Da la
收起"
https://www.xiami.com/album/2103599284	661	CATO	2018.03.09	947	粤语	独立发行	录音室专辑	0.0	（评分人数不足10人）	#流行说唱 Pop Rap、#嘻哈 Hip-Hop、#流行 Pop	1	https://www.xiami.com/song/1802372848	661	947	"661
演唱：Winsun @ 宠物小兄弟
作曲：Winsun @ 宠物小兄弟
作词：Winsun @ 宠物小兄弟
编曲：Load：Name
混音：Load：Name

i got my 661
i got my 661
i want you 661
You’re my 661
有想过带你走去环游世界 yeah
收集你的照片im right there not right here
留意你每次的笑脸 风格搭配简易
短发girl 把握要点

原谅我总是一个迟钝的人
当他们经已发现你的美
白如透彻雪肤肌 流连忘返好知己
那一刻想占据你 幻想下是你老司机
all night long im thinkin bout u
沉溺在daydream入眠 yeah
I WISH THAT TRUE
you the dream girl 穿板鞋垫高 超一流
好像出现在Déjà Vu可望不可及
未试过 这么完美的身躯去诠释什么是引句
不断去将她设立在虚幻的假象里
试想下我将你抱住好像抱着枕头
绷紧海绵继续战斗 加速游走
梦寐以求 只为抢到篮板球

i got my 661
i got my 661
i want you 661
You’re my 661
有想过带你走去环游世界 yeah
收集你的照片im right there not right here
留意你每次的笑脸 风格搭配简易
短发girl 把握要点

I got my 661
睡觉吃安眠药
I got my 661
其实我得不到
I want that 661做number
打电话约你今晚共舞我们去跳森吧
或许你怕了 喊了句 马的
f*ck……
是我大意忘记你不可能会说脏话
晚上我总是想见你
如果我多张机票 会不会选择去杜拜
她说“跟你有些差距”
不知是有些差距 她不会是拜金女
所以会选择柬埔寨

i got my 661
i got my 661
i want you 661
You’re my 661
有想过带你走去环游世界 yeah
收集你的照片im right there not right here
留意你每次的笑脸 风格搭配简易
短发girl 把握要点
收起"
https://www.xiami.com/album/2103599223	长醉	漾子	2018.03.09	225	国语	独立发行	录音室专辑	0.0	（评分人数不足10人）	#流行 Pop	1	https://www.xiami.com/song/1802372514	长醉	225	"长醉



演唱：漾子
后期：流月
海报：苍峰冷冽
我一生荒唐
抱一盅桃花凉
寒阶霜冻氤氲濛濛醉一趟
待红袖香至旁
任日夜出鬓霜
回头望 这一生 彷徨
秋去春来 莺燕声歌舞情
酩香几句 追随落花无意
转身挥袖一眸 似春风绿倩影
烙入心头 倾我一世醉醒
云幕低沉雨欲压境 风忽起
窗帐帘外撕心刺骨 声声泣
遍地皆满疮痍 作醉卧酒城里
世人却道我 独独最清醒
百寐千寐入了梦 心底沉了涟漪
似秋过 似雪落 盼归期
万般千般借微醺 放一切随往昔
映一双 眼如星 剩清明
恍惚若
红袖归来去 桃花醉如倩影
转身那眸永生永世不负卿
倾尽风华熠熠 落一笔尘缘尽
与月叹 孑然伫 永寂
嗟自叹尘埃落定 从此竹鸟无心
为玉碎 痴牵绊 故人去
铅华洗尽万世清 看沧海入天际
便长醉 于年华 天涯尽
相思作茧
红袖归来去 桃花醉如倩影
转身那眸永生永世不负卿
倾尽风华熠熠 落一笔尘缘尽
醒聚散 醉相依 永寂
弦音乱
焚尽千古吟 焚尽千世不平
山河万里寻遍红尘眸如你
纵然劫缘天定
轮回亦不畏惧
若无情 若无你 愿醉不醒
便萧瑟
我一生荒唐
抱一盅桃花凉
寒阶霜冻氤氲濛濛醉一世罢
待红袖香至旁
任日夜出鬓霜
回头望 这一生 似漫长
收起"
https://www.xiami.com/album/2103594677	布依传奇	王小多	2018.03.07	5377	其他	独立发行	录音室专辑	0.0	（评分人数不足10人）	#电音流行 Electropop、#流行 Pop	7	https://www.xiami.com/song/1802331394	勿忘我（布衣语）	177	"No lyrics available"
https://www.xiami.com/album/2103653771	沭水之阳为沭阳	葛夏	2018.03.07	1627	国语	独立发行	录音室专辑	0.0	（评分人数不足10人）	#民谣 Folk、#国语流行 Mandarin Pop	1	https://www.xiami.com/song/1802764642	沭水之阳为沭阳	1627	"沂河的水总是很急
火车经过时从未鸣笛
远处的桥上车南来北往
用力走过去就是我的家乡
回头望人民路的三匹马
和石榴仙子是否回到了家
环城河边的柳树下
河水映着霓虹是谁的模样
南通南 北望北 醒着梦 等你回
沭水之阳为沭阳
虞姬的故事千古传唱
沭水之阳为沭阳
袁枚的诗里苔如牡丹盛放

沭师路上你为谁守候
公园路的两头三叉路口
南京路曾繁华辉煌
冬雪飘零后换上新装
南湖的风吹向了北方
生态园的荷花开漫了池塘
青少年广场的那个姑娘
如今依偎在谁的身旁
南通南 北望北 醒着梦 等你回
沭水之阳为沭阳
虞姬的故事千古传唱
沭水之阳为沭阳
袁枚的诗里苔如牡丹盛放
啊......
沭水之阳为沭阳
虞姬的故事千古传唱
沭水之阳为沭阳
袁枚的诗里苔如牡丹盛放
袁枚的诗里
苔如牡丹盛放......
[05:43.31
收起"
https://www.xiami.com/album/2103589565	Gradient	YYXF	2018.03.06	111	国语	独立发行	录音室专辑	0.0	（评分人数不足10人）	#浩室舞曲 House、#电子 Electronic、#流行 Pop	1	https://www.xiami.com/song/1802301393	Gradient	111	"No lyrics available"
https://www.xiami.com/album/2103703706	大美羚城	班玛扎西	2018.03.05	184	国语	独立发行	录音室专辑	0.0	（评分人数不足10人）	#艺术流行 Art Pop、#国语流行 Mandarin Pop、#流行 Pop	1	https://www.xiami.com/song/1803026218	大美羚城 原创班玛扎西	184	"大美羚城
班玛扎西

甘之南 仙之境
好像卓玛身披彩虹
甜蜜微笑透着多少神秘
大美羚城 梦中秘境
啊 啊 天下大美
哦 耶 大美羚城
你像藏家卓玛
有天仙般的娇容
痴心不改勇于追梦

甘之南 仙之境
九层佛阁朗朗经声
一颗莲心擎起美好家园
俊美一方 华夏扬名
啊 啊 天下大美
哦 耶 大美羚城
你用虔诚信仰
托起民族的脊梁
痴心不改勇于追梦
呀啦嗦 呀啦哩嗦
高原明珠 大美羚城
呀啦嗦 呀啦哩嗦
喧嚣之后的美丽憧憬
收起"
https://www.xiami.com/album/2103592335	笔记	吴景辉	2018.03.03	3077	国语	独立发行	录音室专辑	0.0	（评分人数不足10人）	#流行 Pop	1	https://www.xiami.com/song/1802315421	笔记（cover周笔畅）	2931	"笔记 - 吴景辉


我看见天空很蓝
就像你在我身边温暖
生命有太多遗憾
人越成长越觉得孤单
我很想飞多远都不会累
才明白爱的越深心就会越痛
我只想飞在我的天空飞
我知道你会在我身边
回忆的画面记录的语言
爱始终是你手中长长的线
载着我的想念飞过了地平线
你温暖的笑脸还一如从前
回忆的画面记录的语言
你说要我学着勇敢一点
偶尔哭红双眼你一定会了解
眼泪是我心中另一种完美

我看见天空很蓝
就像你在我身边温暖
生命有太多遗憾
人越成长越觉得孤单
我很想飞多远都不会累
才明白爱的越深心就会越痛
我只想飞在我的天空飞
我知道你会在我身边
回忆的画面记录的语言
爱始终是你手中长长的线
载着我的想念飞过了地平线
你温暖的笑脸还一如从前
回忆的画面记录的语言
你说要我学着勇敢一点
偶尔哭红双眼你一定会了解
眼泪是我心中另一种完美
收起"
https://www.xiami.com/album/2103579560	老妹你真美	雷一鸣	2018.03.02	125000	国语	独立发行	录音室专辑	0.0	（评分人数不足10人）	#流行摇滚 Pop Rock、#流行 Pop	2	https://www.xiami.com/song/1802249263	老妹你真美	120000	"黑夜不太黑
因为有你不想睡
睡不着是因为
留恋你的香水味
累也不太累
只要身边有你陪
不管何时何地
我愿与你永相随
老妹你真美
睫毛弯弯樱桃嘴
多想和你化成蝴蝶
起舞翩翩飞
老妹你真美
红了小脸像花蕊
真情难得就别浪费
幸福的滋味
黑夜不太黑
因为有你不想睡
睡不着是因为
留恋你的香水味
累也不太累
只要身边有你陪
不管何时何地
我愿与你永相随
老妹你真美
睫毛弯弯樱桃嘴
多想和你化成蝴蝶
起舞翩翩飞
老妹你真美
红了小脸像花蕊
真情难得就别浪费
幸福的滋味
老妹你真美
睫毛弯弯樱桃嘴
多想和你化成蝴蝶
起舞翩翩飞
老妹你真美
红了小脸像花蕊
真情难得就别浪费
幸福的滋味
老妹你真美
睫毛弯弯樱桃嘴
多想和你化成蝴蝶
起舞翩翩飞
老妹你真美
红了小脸像花蕊
真情难得就别浪费
幸福的滋味
老妹你真美
睫毛弯弯樱桃嘴
多想和你化成蝴蝶
起舞翩翩飞
老妹你真美
红了小脸像花蕊
真情难得就别浪费
幸福的滋味
真情难得就别浪费
幸福的滋味
收起"
https://www.xiami.com/album/2103898761	山水姑娘	庞高雨	2018.03.02	16	国语	独立发行	录音室专辑	0.0	（评分人数不足10人）	#中国传统民歌 Chinese Traditional Folk、#中国戏曲 Chinese Opera、#流行 Pop	1	https://www.xiami.com/song/1804508033	山水姑娘	16	"No lyrics available"
https://www.xiami.com/album/2103577518	Alexiou - Malamas - Ioannidis	Haris Alexiou	2018.03.01	142	英语	EMI Greece	录音室专辑	0.0	（评分人数不足10人）	#欧美流行 Western Pop	32	https://www.xiami.com/song/1802241153	O Dromos, O Hronos Ke O Ponos (Live)	2	"No lyrics available"
https://www.xiami.com/album/2103574690	Manual de Canções	Pedro Vaz	2018.03.01	24	英语		录音室专辑	0.0	（评分人数不足10人）	#欧美流行 Western Pop	12	https://www.xiami.com/song/1802228095	Diz-se	2	"No lyrics available"
https://www.xiami.com/album/2103577532	为你唱支生日歌	王敏	2018.02.28	954	国语	独立发行	录音室专辑	0.0	（评分人数不足10人）	#城市民谣 Urban Folk、#国语流行 Mandarin Pop	2	https://www.xiami.com/song/1802240980	为你唱支生日歌（伴奏）	161	"No lyrics available"
https://www.xiami.com/album/2103616796	开始	布莱	2018.02.28	12	国语	独立发行	录音室专辑	0.0	（评分人数不足10人）	#流行 Pop	1	https://www.xiami.com/song/1802508041	Should	12	"[00:00.45]编曲 : 布莱
[00:14.46]第一次见到你
[00:17.52]我的世界
[00:18.54]turns to light
[00:21.66]话多的我显得有些奇怪
[00:28.18]黑色vans shoes
[00:31.07]黑色紧身裤
[00:35.26]短发或长发我都爱
[00:42.49]Something can be real
[00:47.99]As long as I with you
[00:51.77]oh oh oh I'm with you


[00:54.93]and I know
[00:56.16]I should should I should should
[01:02.31]I should should I should should
[01:09.75]I should should I should should
[01:15.79]should should
[01:18.94]should I run into you

[01:22.64]Ain't it wonderful tonight
[01:26.18]凌晨四点的通信
[01:30.53]你的声音干净而清新
[01:37.00]你住在南京
[01:39.98]厦门九百里
[01:44.17]我可以为你搬到南极

[01:50.97]Something can be real
[01:56.66]As long as I’m with you
[02:00.12]oh oh oh I'm with you

[02:03.51]and I know
[02:03.56]I should should I should should that I
[02:11.08]I should should I should should
[02:18.50]I should should I should should that I
[02:25.20]I should should
[02:27.89]Should I run into you

[02:30.72]and I know
[02:31.83]I should should I should should that I
[02:38.73]I should should I should should
[02:45.42]I should should I should should
[02:53.09]I should sing that
[02:55.59]I love you
收起"
https://www.xiami.com/album/2103562986	失恋者的独白	张少华	2018.02.27	659	国语	大联机构	录音室专辑	0.0	（评分人数不足10人）	#国语流行 Mandarin Pop	9	https://www.xiami.com/song/1802150164	水长流	89	"No lyrics available"
https://www.xiami.com/album/2103561656	千古传奇（田毅）	陈国祥	2018.02.25	364	国语	独立发行	录音室专辑	0.0	（评分人数不足10人）	#国语流行 Mandarin Pop、#流行 Pop	1	https://www.xiami.com/song/1802142662	千古传奇（田毅）	364	"千古传奇

演唱：田毅
作词：陈国祥
作曲：陈国祥
编曲：张浩
童谣：引力童声合唱团
童谣录音：刘德剑
演唱录音：89号录音棚
缩混：王鑫

童谣：
拾线头，缠线蛋，
一心修个义学院；
缠线蛋，接线头，
修个义学不犯愁。

遥远的夜空里，
最亮的星星是你。
没有太阳的光芒，
却把兴学路照亮。

历史的长河里，
最美的浪花是你。
没有海涛的澎湃，
却是一样的美丽。

先觉独醒，那就是你，
一生无怨感天动地。
圣贤仁心，那就是你，
丰碑永存世代传递。

高山仰止，那就是你，
一腔热血昭世壮举。
山高水长，那就是你，
万世流芳千古传奇。

往日兴学歌，已是朗朗读书声……

童谣：
人之初，性本善。性相近，习相远。
苟不教，性乃迁。教之道，贵以专。
收起"
https://www.xiami.com/album/2103529899	桂花小巷的岁月	薄荷	2018.02.24	41	国语	独立发行	录音室专辑	0.0	（评分人数不足10人）	#国语流行 Mandarin Pop	1	https://www.xiami.com/song/1801852254	桂花小巷的岁月	41	"桂花飘香 笙歌飞扬
转瞬即逝 似水流年
蒲公英 风起了就要飞远
它的未来将会如何书写

走在这倍加熟悉的校园
桂花路街口 那香气很甜
那些或苦或乐的昨天
一幕幕浮现在眼前


即将走向人生的转折点
距离离别还有多少时间
如何不留遗憾的告别
要留下怎样的礼物当做纪念

珍惜每分每秒剩余的时间
将书本与记忆一页页翻阅
想飞得高远 不舍也绵绵
无忧无虑的日子 我多怀念


时光微凉 岁月清浅
十四里长征 信念刻心间
蒲公英 风起了就要飞远
它的未来将会如何书写

老师的教导回响在耳边
同学的陪伴推动我向前
景德笃学 弘毅致远
我们的1514 我会永远想念


即将走向人生的那转折点
距离离别还有多少时间
如何不留遗憾的告别
要留下怎样的礼物当做纪念

珍惜每分每秒剩余的时间
将书本与记忆一页页翻阅
想飞得高远 不舍也绵绵
无忧无虑的日子 我多怀念

终于即将敲响这声声离别
一段记忆也只转眼之间
愿你们此去前程似锦
归来仍是少年。
收起"
https://www.xiami.com/album/2103560623	白色桔梗花	萧易	2018.02.23	1393	国语	独立发行	录音室专辑	0.0	（评分人数不足10人）	#国语流行 Mandarin Pop、#流行 Pop	2	https://www.xiami.com/song/1802137255	顾安晨丶九姨-等你老了	314	"等你老了 - 顾安晨丶九姨
词：MC韩风
曲：MC韩风
女：
如果真的等我老了
身体也不好了
还会拿我当个宝吗
爱我你后悔吗
男：
如果真的等你老了
身体不在好了
依旧对你是最好的
爱你是不悔的
女：
陪你看过日出
和你等过日落
这些最美丽的时光
是你陪我走过
男：
带你踏遍千山
看过动人景色
我要陪你共度余生从此相濡以沫
女：
一生最爱是你
埋藏在我心底
我愿与你随风四起
浪迹天涯故里
男：
浓情把你包围
一生与你相随
不管将会面临什么
都要把你来陪
女：
说过动人情话
我的泪如雨下
说过有你在我身边
我就不会害怕了
男：
此生鲜衣怒马
繁华落尽枯哑
我愿护你白发终生
为你痴情犯傻
女：
你的英俊模样
照的我心滚烫
我们抓住彼此的手
谁都不许先放
男：
你的可爱容颜
温暖我的心田
我要许诺让你以后笑的比谁都甜
女：
一世一生
一生半你
男：
一行一言
一眼万年
女：
等我老的白发苍苍
牙齿都已掉光
就像花朵
快要枯萎
不再流露芬芳
男：
等你老的白发苍苍
牙齿都已掉光
依旧对你不变真情
伴你地老天荒
女：
等我老了走不动了
腰酸背也痛了
那时你会背着我吗
觉得我很重吗
男：
等你老了走不动了
腰酸背也痛啦
我会把你轻轻抱起
两颗心是重的
女：
如果有天我已不在
让你失去依赖
吃不到我做的饭菜
胃口能否畅快
男：
不要说你在或不在
你都是我依赖
你就是我人生百态
此生唯你钟爱
女：
如果真的等我老了
身体也不好了
还会拿我当个宝吗
爱我你后悔吗
男：
如果真的等你老啦
身体不在好了
依旧对你是最好的
爱你是不悔的
女：
尽管此生多浩瀚
男：
今生唯你不波澜
收起"
https://www.xiami.com/album/2103556724	多部曲Mixtape	Lawrence宋非锡	2018.02.22	343	国语	独立发行	录音室专辑	0.0	（评分人数不足10人）	#流行说唱 Pop Rap、#嘻哈 Hip-Hop、#流行 Pop	1	https://www.xiami.com/song/1802114933	Me You Ft.Iris Remix	343	"Lawrence宋非锡 Me You Feat Iris Remix
作曲：SanE
作词：Lawrence宋非锡
[00:24.62]要怎么说出口
[00:27.01]那藏在心中的温柔
[00:30.09]在遇见你之后
[00:32.57]有种触动
[00:34.48]theres something going between me you me you
[00:47.42]我若无其事
[00:47.96]从你身边经过
[00:50.18]其实你早已把我的心掠夺
[00:52.06]幻想你
[00:52.74]拉着我
[00:53.74]挽着我
[00:54.61]在海边
[00:55.11]牵个手
[00:55.67]筑个城堡里面住着你和我
[00:57.27]噢 拜托
[00:58.47]或许老套
[00:59.21]但我真的有想过
[00:59.97]别啰嗦
[01:00.72]迈出一步然后开花又结果
[01:02.56]看着我
[01:03.49]耍幽默
[01:04.08]相信我
[01:04.75]有把握
[01:05.50]从此你的春夏秋冬一切通通交给我
[01:08.09]敢说敢做
[01:10.45] 为你赴 汤 蹈火
[01:13.02]不是不 甘 寂寞
[01:16.21]是你太吸引我
[01:18.95]oh honey I’m so crazy
[01:20.53] I’ve been thinking about u every night and day
[01:22.57]yeah night and day
[01:24.11]haruharu 多希望我每天陪在你身边
[01:26.63] 在你身边
[01:28.09]你身边
[01:28.90]要怎么说出口
[01:31.43]那藏在心中的温柔
[01:33.99]在遇见你之后
[01:36.75]有种触动
[01:38.37]theres something going between me you me you


[01:51.37]遇见你连空气都变甜蜜 诶
[01:54.14]心不在焉心里想的都是你 诶
[01:56.59]我每天打开手机看你IG
[01:58.81]健身房里努力只为你爱的六块腹肌
[02:01.53]ya 想买充气筒来给我打气
[02:04.03]太奇怪的是你真的对我有无限魔力
[02:06.63]妈妈告诉我说想吃热豆腐不能心急
[02:09.44]我不是个badboy 但我就想一口吃掉你
[02:12.13]ya 你的笑容就像我女神may J lee
[02:14.55]ya 像磁铁南北两极充满着吸引力
[02:17.28]ya 连我新疆朋友都说你是亚克西
[02:19.82]ya 你是仙女下凡 living in a fantasy
[02:22.81]太稀奇 一见不到你就开始叹气
[02:25.41]做事小心翼翼 我兄弟都开始好奇
[02:28.93]feel so lonely oh my babe want you be my wifey 朝思暮想就像个思春的小猫咪
收起"
https://www.xiami.com/album/2103544734	《和我交往吗》（나랑 사귈래）	王晚晚	2018.02.21	8880	韩语	独立发行	录音室专辑	0.0	（评分人数不足10人）	#韩国流行 K-Pop	1	https://www.xiami.com/song/1802023068	和我交往吗	8878	"DIA — 나랑 사귈래
Vocal：Wanan NEKO
Mix：小神
我的拖延症真的很可怕了，这个歌出了超级久了到现在才发。说实话前段时间真的都不想唱歌了，emmm
W：Hey boy listen
what is this feeling
N：come on tell me
N:야 너 이리와봐
왜 답답하게 구니 말해봐
너 옆반 여자애랑 친구라고
걔한테 웃어주기만 해봐 우씨
W:널 만나러 가는 길 wow
왜이리 떨리는 지 yeah
I wanna say 갖고 싶어
이거 이거 오늘따라 보고 싶어
合：어머어머어머어머
N:내게 무슨 짓을 한 거야
合：어머어머어머어머
N:니 생각뿐이잖아
W:이런 날 어째 너무 답답해
이런 날 어떡해
N:있잖아 baby baby 나랑 사귈래
밀고 당기기는 그만 해
어떡해 놀란 내 가슴이
자꾸 쿵쿵쿵 뛰는데
W:oh 내가 왜 이래 왜 이래
너만 보면 왜 얼굴은 빨개 지는데
그래도 난 니가 좋은걸 어떡해
N:단단히 빠져버린걸
W:너 나랑 사귈래
N:자꾸만 간지러운걸
W:오늘부터 1일 움아쪽
N:다른 남자들은 모두 나만 봐
너만 빼고 나를 알아봐
고민 고민 하잖아
고백 해봐 한번 더
W:구름처럼 니가 가득한
오늘 같은 날 내게 다가와
날 콕 찔러줬음 해
넌 꼭 그래야만 해
合：어머어머어머어머
W:머리가 뱅글뱅글
合：어머어머어머어머
W:니 주위를 빙글빙글
N:이런 날 어째 너무 답답해
이런 날 어떡해
W:있잖아 baby baby 나랑 사귈래
밀고 당기기는 그만 해
어떡해 놀란 내 가슴이
자꾸 쿵쿵쿵 뛰는데
N:oh 내가 왜 이래 왜 이래
너만 보면 왜 얼굴은 빨개 지는데
그래도 난 니가 좋은걸 어떡해
W:나의 하루는 언제나
너의 일기로 가득해
N:똑바로 내 맘을 봐봐봐
줄게 너에게 다다다
W:이런 내 맘을 받아줘
合:있잖아 baby baby 나랑 사귈래（N：oh）
밀고 당기기는 그만 해（N：이제그만 해）
N:어떡해 놀란 내 가슴이
자꾸 쿵쿵쿵 뛰는데 (W:쿵쿵쿵 뛰는데)
W：oh 내가 왜 이래 왜 이래
너만 보면 왜 얼굴은 빨개 지는데
N:그래도 난 니가 좋은걸 어떡해
[03:08.06
收起"
https://www.xiami.com/album/2103543970	程序猿是个架子鼓	王阿和	2018.02.20	5499	国语	独立发行	录音室专辑	0.0	（评分人数不足10人）	#噪音流行 Noise Pop、#电音流行 Electropop	1	https://www.xiami.com/song/1802019783	程序猿是个架子鼓	5499	"No lyrics available"
https://www.xiami.com/album/2103538220	爱是不老的情怀	风花（付春花）	2018.02.18	49	国语	独立发行	录音室专辑	0.0	（评分人数不足10人）	#成人时代 Adult Contemporary、#独立流行 Indie Pop、#国语流行 Mandarin Pop	1	https://www.xiami.com/song/1801955925	爱是不老的情怀【李国强VS风花】	49	"歌曲：爱是不老的情怀



演唱：李国强VS风花

男：快快向我走来
爱的世界
让我拥抱着幸福
接受你的爱
女：快快向我走来
爱的世界
让我拥抱着你啊
无限的爱
男:快快向我走来
爱的世界
让我拥抱着幸福
接受你的爱
女:快快向我走来
爱的世界
让我拥抱着你啊
甜蜜的爱
男：爱会让我心潮澎湃
女：爱会让你笑得开怀
男：爱就是力量
女：爱就是天籁
合：爱就是你我
心中不老的情怀
男：爱会让我心潮澎湃
女：爱会让你笑的开怀
男：爱就是力量
女:爱就是源泉
合：爱就是你我
心中不老的情怀
歌曲：爱是不老的情怀



演唱：李国强VS风花

男:快快向我走来
爱的世界
让我拥抱着幸福
接受你的爱
女:快快向我走来
爱的世界
让我拥抱着你啊
甜蜜的爱
男：爱会让我心潮澎湃
女:爱会让你笑得开怀
男：爱就是力量
女:爱就是天籁
合：爱就是你我
心中不老的情怀
男：爱会让我心潮澎湃
女:爱会让你笑的开怀
男：爱就是力量
女:爱就是源泉
合：爱就是你我
心中不老的情怀
心中不老的情怀
╰ぷ谢谢欣赏ぷ╯
收起"
https://www.xiami.com/album/2103560780	这座城市	查新	2018.02.17	210	国语	独立发行	录音室专辑	0.0	（评分人数不足10人）	#国语流行 Mandarin Pop	1	https://www.xiami.com/song/1802138033	查新 - 这座城市	210	"这座城市

我是否应该把你

爱的更多一些

因为是你见证了我所有的青春苦涩

每天早上都在努力奔波的挤上公车

车轮转动着每个人的命运和生活

还记得那年春天

我们彼此都没有再牵对方的手

最后你去了北京我就开始一个人忧愁

其实青春就是这样让人幸福又沉重

转眼间青春已经到了头

我的孩子他在一天一天的长大

我的爱人她总是下班准时回家

我的朋友其实比以前多了很多

但是岁月蹉跎

他们现在都很沉默

还记得那年春天

我们彼此都没有再牵对方的手

呵喝~呵

最后你去了北京我就开始一个人忧愁

其实青春就是这样让人幸福又沉重

转眼间青春已经到了头

我的孩子他在一天一天的长大

我的爱人她总是下班准时回家

我的朋友其实比以前多了很多

但是岁月蹉跎

他们现在都很沉默

我的孩子他在一天一天的长大

我的爱人她总是下班准时回家

我的朋友其实比以前多了很多

但是岁月蹉跎

他们现在都很沉默

这座城市这座城市

让我沉重又向往

这座城市这座城市

让我幸福又绝望

这座城市这座城市

让我坚定又彷徨

下一个春天

你又会怎样

这座城市

我是否应该把你

爱得更多一些

这座城市

我是否应该把你

爱得更多一些
收起"
https://www.xiami.com/album/2103529924	2018，爱你一发不可收	韩炜	2018.02.15	1863	国语	广州陈小奇音乐有限公司	录音室专辑	0.0	（评分人数不足10人）	#国语流行 Mandarin Pop	3	https://www.xiami.com/song/1801852376	2018，爱你一发不可收	458	"作词：靖山
作曲：陈小奇
编曲：高翔
演唱：韩炜、姜婷婷、王传亮、黄仪

2018，爱你一发不可收
我的朋友，我的朋友
多少年冷暖陪我感受
多少次委屈替我着急
你酣畅着我的酣畅
你淋漓着我的淋漓
啊 我的朋友 我的朋友
2018，我的朋友

2018，爱你一发不可收
我的同事 我的同事
多少年共处有起有落
多少次体谅殊属不易
你帮扶着我的进步
你按捺着我的不羁
啊 我的同事 我的同事
2018，我的同事

2018，爱你一发不可收
我的家人 我的家人
多少年陪伴栉风沐雨
多少次思念默极而泣
你快乐着我的快乐
你叹息着我的叹息
啊 我的家人 我的家人
2018，我的家人

2018，爱你一发不可收
我的爱人 我的爱人
多少年甘苦一起度过
多少次进退同呼共吸
你独享了我的短处
你标高了我的优异
啊 我的爱人 我的爱人

2018，爱你一发不可收
我的时代 我的时代
多少年际幻云开雾散
多少次迷离今日明晰
你自信着我的自信
你坚毅着我的坚毅

2018，2018，2018，我的时代
2018，2018，2018，爱你一发
2018
收起"
https://www.xiami.com/album/2103561985	Filise Me	Konstantinos Argiros	2018.02.15	40	英语	Cobalt Music-Helladisc	录音室专辑	0.0	（评分人数不足10人）	#欧美流行 Western Pop	16	https://www.xiami.com/song/1802144579	I Agapi Thelei Pathos	2	"No lyrics available"
https://www.xiami.com/album/2103527985	My 20	Peter Peach	2018.02.13	1127	国语	独立发行	录音室专辑	0.0	（评分人数不足10人）	#独立流行 Indie Pop、#独立电子乐 Indietronica、#独立民谣 Indie Folk	16	https://www.xiami.com/song/1801836007	Sanity	15	"No lyrics available"
https://www.xiami.com/album/2103528628	北京的雪	郑知文	2018.02.13	256	国语	上海天空唱片（天空音乐工作室）	录音室专辑	0.0	（评分人数不足10人）	#流行 Pop	2	https://www.xiami.com/song/1801842745	北京的雪	227	"北京的雪
演唱：郑知文


无雨的冬季深夜！
寒雾笼罩了凌晨的大街！
黎明前我们对着天空勾绘着明天！
残忍的留给了她坚守却破碎的昨天！
北上的列车倒退昨日的一切！
你温暖的声线！
你说彼此曾错过的时间！
从此在对方生命里面不会再有少缺！
还来不及看清未来多远风险的我！
便已为你走向无边风雪！
那场北京大雪！
南方白昼换走北方的黑夜！
我们曾一起许下的誓言那么坚决！
北京方庄桥的那条街！
回荡你曾给过的体贴！
依然停留还在我耳边！
那场北京大雪！
北方勾绘改变南方的一切！
我们错将爱当成堵住却输给了明天！
广州石桥头的那条街！
心被困在暴雨夜！
我却来不及说出抱歉
你温暖的声线！
你说彼此曾错过的时间！
从此在对方生命里面不会再有少缺！
还来不及看清未来多远风险的我！
便已为你走向无边风雪！
那场北京大雪！
南方白昼换走北方的黑夜！
我们曾一起许下的誓言那么坚决！
北京方庄桥的那条街！
回荡你曾给过的体贴！
依然停留还在我耳边！
那场北京大雪！
北方勾绘改变南方的一切！
我们错将爱当成堵住却输给了明天！
广州石桥头的那条街！
心被困在暴雨夜！
我却来不及说出抱歉
[04:35.86
收起"
https://www.xiami.com/album/2103903468	The Living Daylights - 18 James Bond Film Themes	London Starlight Orchestra	2018.02.13	126	英语	CNR Music	录音室专辑	0.0	（评分人数不足10人）	#欧美流行 Western Pop	18	https://www.xiami.com/song/1804552971	Goldfinger	0	"No lyrics available"
https://www.xiami.com/album/2103527941	应许之心	潘雨轩	2018.02.12	8192	国语	独立发行	录音室专辑	0.0	（评分人数不足10人）	#国语流行 Mandarin Pop、#流行 Pop	1	https://www.xiami.com/song/1801835850	应许之心	8192	"歌名：应许之心

作曲 : 只有影子

作词 : 小鱼萝莉

编曲：v1ncent_Sun丶

混音：小白

海报：潘雨轩

演唱：潘雨轩

就像往常一样
独自走在 不属于我的城市
霓虹灯闪亮
人与人之间
相遇在易逝的时光

我并不想看透
人们的心 是黑与白的风景
渴望的那抹鲜活
由你来给予
只要你看着我的眼睛
你是我命中意外
偶然闯入的小鹿
那天你拨开迷雾
找到我心里这片无尽的孤寂森林
用你的温度
连同你的色彩描绘出
我找寻的路
music
开始想要对你
试探玩笑
习惯与世淡然相处
可是忽然想随时
听你的倾诉
你生活转场的每一幕
你是我爱不释手
想永远珍藏的书
让我读到了
哪怕只一盏茶时光的幸福
可是我还未能领悟
却有温暖想尝试碰触
你是我命中意外
偶然闯入的小鹿
那天你拨开迷雾
找到我心里这片无尽的孤寂森林
用你的温度
连同你的色彩描绘出
我找寻的路
收起"
https://www.xiami.com/album/2103527407	暮光里的青春	逸郁兰心	2018.02.11	297	国语	独立发行	录音室专辑	0.0	（评分人数不足10人）	#国语流行 Mandarin Pop	1	https://www.xiami.com/song/1801831655	暮光里的青春	297	"[00:01.70]暮光里的青春-逸郁兰心
[00:10.69]作词:赵安平
[00:19.13]作曲:逸郁兰心
[00:32.43]行走的脚步啊 流浪的心
[00:40.17]风中的吉他声 声声沉吟
[00:48.10]风花雪月的情事
[00:51.76]沉溺了不羁的青春
[00:55.95]一点点光影闪烁
[00:59.15]抹不去的曾经
[01:03.80]不老的童话里 永驻你身影
[01:11.56]游吟的诗人啊 苦苦追寻
[01:19.43]荒诞不经的游戏
[01:23.20]捆绑住荒芜的青春
[01:27.41]一寸寸流光飞逝
[01:30.50]淡出画面的爱情
[01:35.27]王者的荣耀与草莽的热泪
[01:42.94]那是为青春撰写的墓志铭
[01:50.87]断章的词句描摹风华几许
[01:58.88]狼狈几分 拉不住时光的手
[02:06.58]皱纹覆盖了青春 暮光中抬头
[02:14.38]等一等青春的回声
[02:22.19]是那个油腻的中年男人
[02:26.22]以及跳着广场舞的女人
[02:30.03]他们的青春 她们的青春
[03:09.29]不老的童话里 永驻你身影
[03:17.09]游吟的诗人啊 苦苦追寻
[03:24.90]荒诞不经的游戏
[03:28.64]捆绑住荒芜的青春
[03:32.81]一寸寸流光飞逝
[03:35.97]淡出画面的爱情
[03:40.67]王者的荣耀与草莽的热泪
[03:48.44]那是为青春撰写的墓志铭
[03:56.31]断章的词句描摹风华几许
[04:04.35]狼狈几分 拉不住时光的手
[04:11.97]皱纹覆盖了青春 暮光中抬头
[04:19.90]等一等青春的回声
[04:27.76]是那个油腻的中年男人
[04:31.65]以及跳着广场舞的女人
[04:35.49]他们的青春 她们的青春
[04:43.42]他们的青春 她们的青春
收起"
https://www.xiami.com/album/2103525467	罗贝尔《爱.无形》	曾猛	2018.02.10	656	国语	独立发行	录音室专辑	0.0	（评分人数不足10人）	#流行 Pop	1	https://www.xiami.com/song/1801808193	罗贝尔《爱无形》	656	"No lyrics available"
https://www.xiami.com/album/2103520480	兄弟累了吗	方便	2018.02.09	1721	国语	独立发行	录音室专辑	0.0	（评分人数不足10人）	#国语流行 Mandarin Pop、#流行 Pop	1	https://www.xiami.com/song/1801773198	兄弟累了吗	1721	"兄弟累了吗

作词：方便
作曲：方便
音乐制作：歆创音乐文化
录音/和声：靳金陵
混音：胡凯旋
监制：固珺
后期：上海时间音乐
发行：花雅文化传媒
演唱：方便 固珺

珺：我们都曾经历过那段迷惘
都在忙碌的城市不停地闯
兄弟你最近过得怎样
还是选择无所谓的流浪


方：生活就像是一张无情的网
绊倒了爬起来别失去方向
若有天相见别来无恙
兄弟的关心一定要放在心上

珺：在奋斗的年纪
没理由选择放弃
方：年轻时吹过的牛逼
为了实现它而努力
珺：我的好兄弟你累了吗
这么多年都不见啦
经历了多少风吹雨打
只为那心中的理想吧

方：我的好兄弟你累了吗
是否也想有个家
哪怕被生活了磨掉了尖牙
也不能忘记心中的她

合： 再出发


珺：生活就像是一张无情的网
绊倒了爬起来别失去方向
方：若有天相见别来无恙
兄弟的关心一定要放在心上

珺：在奋斗的年纪
没理由选择放弃
方： 年轻时吹过的牛逼
为了实现它而努力
方：我的好兄弟你累了吗
这么多年都不见啦
经历了多少风吹雨打
只为那心中的理想吧

珺：我的好兄弟你累了吗
是否也想有个家
哪怕被生活了磨掉了尖牙
也不能忘记心中的她

合： 再出发

合：我的好兄弟你累了吗
这么多年都不见啦
经历了多少风吹雨打
只为那心中的理想吧

我的好兄弟你累了吗
是否也想有个家
哪怕被生活了磨掉了尖牙
也不能忘记心中的她
合：再出发
珺：哪怕被生活了磨掉了尖牙
方：也不能忘记心中的她
合：再出发
收起"
https://www.xiami.com/album/2103522870	《飘香剑雨》主题曲	崔一少	2018.02.08	155000	国语	拉风娱乐	录音室专辑	0.0	（评分人数不足10人）	#流行 Pop	3	https://www.xiami.com/song/1801787126	相望	11000	"No lyrics available"
https://www.xiami.com/album/2103528067	Gia Pada Mazi	yiannis parios	2018.02.08	89	英语	Minos	录音室专辑	0.0	（评分人数不足10人）	#欧美流行 Western Pop	78	https://www.xiami.com/song/1801837405	Gia Pada Mazi	0	"No lyrics available"
https://www.xiami.com/album/2103520526	Bad Bad Girl (Deluxe Edition)	陈嘉唯	2018.02.07	158000	国语	史科特音乐	录音室专辑	0.0	（评分人数不足10人）	#嘻哈 Hip-Hop、#国语流行 Mandarin Pop	12	https://www.xiami.com/song/1801773538	你们的快乐	424	"No lyrics available"
https://www.xiami.com/album/2103902906	In The Air Tonight - The Sensual Sax Of Samantha Blue	London Starlight Orchestra	2018.02.06	322	英语	CNR Music	录音室专辑	0.0	（评分人数不足10人）	#欧美流行 Western Pop	16	https://www.xiami.com/song/1804548522	Careless Whisper	87	"No lyrics available"
https://www.xiami.com/album/2103520478	烟雨桥上	洋洋	2018.02.06	13	国语	独立发行	录音室专辑	0.0	（评分人数不足10人）	#流行 Pop	1	https://www.xiami.com/song/1801773194	烟雨桥上	13	"No lyrics available"
https://www.xiami.com/album/2104165532	Anyday Tomorrow	Blue River	2018.02.06	1	英语	看见音乐 (上海)	录音室专辑	0.0	（评分人数不足10人）	#欧美流行 Western Pop	11	https://www.xiami.com/song/1806604920	Dance Like No One's There	0	"No lyrics available"
https://www.xiami.com/album/2103627922	快乐的美业人	罗华党	2018.02.05	64	国语	杉杉兰格	录音室专辑	0.0	（评分人数不足10人）	#流行 Pop	1	https://www.xiami.com/song/1802599471	快乐的美业人	64	"No lyrics available"
https://www.xiami.com/album/2103515110	疏远	苏嘉	2018.02.04	1844	国语	独立发行	录音室专辑	0.0	（评分人数不足10人）	#流行 Pop	1	https://www.xiami.com/song/1801711721	疏远-	1844	"故事的开始应该要怎么写
没有故事的我该怎么提笔继续写
我不知道为什么对你产生感觉
写这首歌就想知道你对我有何感觉
我不在乎 我们之间有没有结果
就算最后的结果对我来说是难受
我不管 这到底错了或还是对
我也不想了解 我们的星座到底配不配

第一次接触音乐 走进了你的主页
暖暖的声音瞬间吸引陷入了沉醉
看你主页的介绍 莫名扬起了嘴角
白色的外套 你温柔的歌声绕
喜欢上你刚刚好 给你最美的微笑
我想我终于找到 以后的日子不再难熬
你说喜欢我的说唱 要陪我走到海角
把糟糕的情绪甩掉 我想应该把他忘掉
还记得刚在一起时那种甜蜜
然而后来时刻争吵 多余了一些怀疑
面对你 我真的不知道该如何表明
我对你是真心 为什么你总是逃避
你说你在工作 渐渐也就没有了话题
一个人唱着歌 故事已没人倾听
没有关系 我会慢慢独自回到过去
对于爱情 我早已忘了应该互相珍惜

故事的开始应该要怎么写
没有故事的我该怎么提笔继续写
我不知道为什么对你产生感觉
写这首歌就想知道你对我有何感觉
我不在乎 我们之间有没有结果
就算最后的结果对我来说是难受
我不管 这到底错了或还是对
我也不想了解 我们的星座到底配不配

祝你幸福能安好 我知道我不好
习惯一个人煎熬 你才想要逃跑
我们相遇不巧 这一切也该明了
听不见你心跳 你离开也刚好
喜欢上你刚刚好 给你最美微笑
我想我终于找到 以后不再难熬
你说喜欢我说唱 要陪我走到海角
糟糕的情绪甩掉 我想把他忘掉

故事的开始应该要怎么写
没有故事的我该怎么提笔继续写
我不知道为什么对你产生感觉
写这首歌就想知道你对我有何感觉
我不在乎 我们之间有没有结果
就算最后的结果对我来说是难受
我不管 这到底错了或还是对
我也不想了解 我们的星座到底配不配

第一次接触音乐 走进了你的主页
暖暖的声音瞬间吸引陷入了沉醉
看你主页的介绍 莫名扬起了嘴角
白色的外套 你温柔的歌声绕
喜欢上你刚刚好 给你最美的微笑
我想我终于找到 以后的日子不再难熬
你说喜欢我的说唱 要陪我走到海角
把糟糕的情绪甩掉 我想应该把他忘掉
还记得刚在一起时那种甜蜜
然而后来时刻争吵 多余了一些怀疑
面对你 我真的不知道该如何表明
我对你是真心 为什么你总是在逃避
收起"
https://www.xiami.com/album/2103514101	新希望	胡奇锋	2018.02.03	213	国语	独立发行	录音室专辑	0.0	（评分人数不足10人）	#民谣流行 Folk Pop、#城市民谣 Urban Folk、#国语流行 Mandarin Pop	1	https://www.xiami.com/song/1801702988	新希望 无损版	213	"一转眼已过去一年时光
一回头已留下多少遗憾
现实太迷茫 心情很惆怅
手中还有我未了的愿望

不管再差过年总要回家
因为家人是唯一的牵挂
所有的工作 烦恼先放下
最重要的是要先问候爸妈

我是他们眼中的新希望
更加要学会坚强和勇敢
来年我再奋力好好的干一番
不能辜负了家人的期盼

外面的世界辛酸自己尝
学会一边痛一边去成长
缺失的是对他们长期的陪伴
我要拿更好的生活来补还

不管再差过年总要回家
因为家人是唯一的牵挂
所有的工作 烦恼先放下
最重要的是要先问候爸妈

我是他们眼中的新希望
更加要学会坚强和勇敢
来年我再奋力好好的干一番
不能辜负了家人的期盼

外面的世界辛酸自己尝
学会一边痛一边去成长
缺失的是对他们长期的陪伴
我要拿更好的生活来补还

相信前途会是一片光芒
新的一年要充满新希望
再努力一番天空会更加晴朗
用汗水去创造人生的辉煌
收起"
https://www.xiami.com/album/2103513774	你被我写进歌里	TZ	2018.02.02	7128	国语	独立发行	录音室专辑	0.0	（评分人数不足10人）	#流行说唱 Pop Rap、#民谣 Folk、#流行 Pop	1	https://www.xiami.com/song/1801699654	你 被 我 写 进 歌 里	7128	"混音：GhettoKid＿OG
母带：GhettoKid＿OG
看你迷人的微笑
在我脑海中挥之不去
可你像风般吹过
没留丝毫痕迹
就像粉笔
我把你比做蒲公英
而你却在你在湖中心
又或者所有的一切
只停留在一线
之间的爱慕或仰慕
都来自我心底
或你心里
若你领情
秋风飘过
渐渐将思绪消弱
平庸的凡夫
又如何能明白上天的操作
若能化作
袅袅白烟
想必能萦绕在你旁边
而我对你的爱慕
却卑微的只能像泥土般
深埋在字里行间
看似都太远
就像一堵跨不过去的墙
如此熟悉的阳光
如此久违的夕阳
月亮在你的眼睛
太阳在我心
现在我唱这首歌
只是因为你
想把所有烦恼忘掉
做不做的到
你明白我心在燃烧
只为你
只为你
哎 但是说真的
没准我们还能见下次面
但见下次面的时候
别再说我们再下次见
虽然我没见过什么大世面
没见过那只燕
原本就飘渺的缘分
又如何能指望会画直线
好 你可以不做声
你就安静的听吧
又或者你已经找到一个
你可以依靠的肩膀
其实我想啊
这样也挺好
你也相信冥冥之中
自然有上天的引导
记得那会儿
我总给你写邮件
你也时常给我寄明信片
我的话多
你的字少
你喜欢读文章
每篇日记都像是你的心灵自传
你喜欢看我展露才华
哦不 那不叫展露
那叫做倾情示范
回忆里总是有无数个想着你的夜
我渴望你能够出现
我把你写进歌里面
我打开我的手机
传通简讯给你
虽然没说几句
但有太多的问题
但你肯定不相信
你就照顾好你自己
也别跟谁斗气
别再总一个人
跑出去吃肯德基
说的再多你不听
那就烂在心里面
装作啥都听不见
其实想跟你见面
每天都等着你出现
你现在是波浪卷
而我更爱你的马尾辫
我写首melody
我要和你一起经过那便利店
如果还能一起将愿望都实现
我要和你一起去刮公益彩券
我写首melody
但没人听
我只能一个人
去写首melody
我写首melody
我写首melody
我写首melody
月亮在你的眼睛
太阳在我心
现在我唱这首歌
只是因为你
想把所有烦恼忘掉
做不做的到
你明白我心在燃烧
只为你
只为你
...
收起"
https://www.xiami.com/album/2103513808	问自己	醉歌	2018.02.02	97	国语	独立发行	录音室专辑	0.0	（评分人数不足10人）	#国语流行 Mandarin Pop、#中国风 China-Wave、#华语唱作人 Chinese Singer-Songwriter	4	https://www.xiami.com/song/1801699877	问自己	21	"[00:07.33]问自己
[00:08.75]作词：于全莉（醉歌）
[00:10.46]作曲：韩晓辉（寒风）
[00:12.18]编曲：韩晓辉（寒风）
[00:13.87]演唱：韩晓辉（寒风）
[00:15.58]
[00:30.89]我曾经问问自己
[00:37.50]我到底错在了哪里
[00:44.33]为什么所有真情付出
[00:51.64]最后都是守候泪滴
[00:56.89]
[00:58.51]我时常问问自己
[01:04.95]什么才是爱的真谛
[01:11.65]难道是那青葱的枝叶
[01:19.09]总被秋风扫落在地
[01:22.85]
[01:25.47]我不断问问自己
[01:29.34]为何繁华只剩烟雨
[01:32.27]天上明月镜中花蕊
[01:36.15]到头都是一片空虚
[01:39.60]我总是问问
[01:43.07]问问自己
[01:46.94]何时走出爱的迷离
[01:51.49]
[02:20.73]我曾经问问自己
[02:27.16]我到底错在了哪里
[02:34.02]为什么所有真情付出
[02:41.28]最后都是守候泪滴
[02:43.81]
[02:48.12]我时常问问自己
[02:54.74]什么才是爱的真谛
[03:01.46]难道是那青葱的枝叶
[03:08.78]总被秋风扫落在地
[03:10.52]
[03:15.14]我要大声问问自己
[03:19.04]爱的过往是否有记忆
[03:22.02]抹不去悠悠飘洒孤单
[03:25.88]缘尽缘散各奔东西
[03:29.37]攒眉千度为你相思
[03:36.58]剩下都是创伤瓦砾
[03:41.73]
[03:42.89]我要大声问问自己
[03:46.43]爱的过往是否有记忆
[03:49.47]抹不去悠悠飘洒孤单
[03:53.25]缘尽缘散各奔东西
[03:56.76]攒眉千度为你相思
[04:04.00]剩下都是创伤瓦砾
[04:11.12]剩下都是创伤瓦砾
收起"
https://www.xiami.com/album/2103513636	春节.回家	李泽经	2018.02.01	3403	国语	独立发行	录音室专辑	0.0	（评分人数不足10人）	#流行 Pop	1	https://www.xiami.com/song/1801698889	春节回家	3403	"春节.回家

作词：李泽经
作曲：李泽经
演唱：李泽经

春节又到啦，又过了一年啦
打开微信还是去年说的那些话、
又对象了吗？赚到钱了吗？
我为什么不回答

快到三十儿啦，今年回家吗
每个不回家的人都有自己的难处啊
家里多好啊，我当然知道啊
谁也不愿意浪迹天涯

每到春节我也想回家
还没成功亲戚请别笑话
出来太久已记不清家乡的模样啦
但从没忘记父母亲的话

每到春节我也想回家
家里有我舍不下的牵挂
南方也下雪啦，想起我北方的家
雪融化洗去我一身铅华

快到三十儿啦，今年回家吗
每个不回家的人都有自己的难处啊
家里多好啊，我当然知道啊
谁也不愿意浪迹天涯

每到春节我也想回家
还没成功亲戚请别笑话
出来太久已记不清家乡的模样啦
但从没忘记父母亲的话

每到春节我也想回家
家里有我舍不下的牵挂
南方也下雪啦，想起我北方的家
雪融化洗去我一身铅华

今年春节我一定回家
家里有我舍不下的牵挂
南方也下雪啦，想起我北方的家
雪融化洗去我一身铅华

让我们努力吧，一起建设我的家，
让家乡变成有梦的地方啊！
收起"
https://www.xiami.com/album/2103512573	Seifukuno Mannequin	回收站	2018.02.01	169	英语	Sony Music	录音室专辑	0.0	（评分人数不足10人）	#日本流行 J-Pop	6	https://www.xiami.com/song/1801678896	Seifukuno Mannequin	9	"No lyrics available"
https://www.xiami.com/album/2103523087	Miss迪迪翻唱集	Miss迪迪	2018.01.31	21000	国语	独立发行	录音室专辑	0.0	（评分人数不足10人）	#国语流行 Mandarin Pop、#粤语流行 Cantopop、#欧美流行 Western Pop	1	https://www.xiami.com/song/1801788106	空空如也	21000	"空空如也-Miss迪迪
词：雪无影
曲：雪无影
熟悉的陌生的这种感觉
重复的曾经的那些情节
也只是怀念
一滴滴一点点一页一篇
分手了也不过三百多天
可我却害怕遇见
我懵懵懂懂过了一年
这一年似乎没有改变
守着你离开后的世界
空空如也
白天和晚上都是冬夜
悲伤的到来我从不拒绝
反正亦是空空空空如也
我懵懵懂懂过了一年
徘徊在石板路的街边
曾经笑容灿烂如今却
空空如也
一切的星光都已陨灭
得过且过是我如今速写
无所谓让痛重叠
我懵懵懂懂过了一年
这一年似乎没有改变
守着你离开后的世界
空空如也
白天和晚上都是冬夜
悲伤的到来我从不拒绝
反正亦是空空空空如也
我懵懵懂懂过了一年
徘徊在石板路的街边
曾经笑容灿烂如今却
空空如也
一切的星光都已陨灭
得过且过是我如今速写
无所谓让痛重叠
我懵懵懂懂过了一年
这一年似乎没有改变
守着你离开后的世界
空空如也
白天和晚上都是冬夜
悲伤的到来我从不拒绝
反正亦是空空空空如也
我懵懵懂懂过了一年
徘徊在石板路的街边
曾经笑容灿烂如今却
空空如也一切的星光都已陨灭
得过且过是我如今速写
无所谓让痛重叠
收起"
https://www.xiami.com/album/2103517192	遥寄思念	洋洋	2018.01.31	561	国语	独立发行	录音室专辑	0.0	（评分人数不足10人）	#流行 Pop	1	https://www.xiami.com/song/1801740260	遥寄思念--洋洋新	561	"No lyrics available"
https://www.xiami.com/album/2103523074	带你去夏天	K13乐队	2018.01.31	66	国语	独立发行	录音室专辑	0.0	（评分人数不足10人）	#流行摇滚 Pop Rock、#流行朋克 Pop Punk、#流行 Pop	1	https://www.xiami.com/song/1801788040	带你去夏天	66	"No lyrics available"
https://www.xiami.com/album/2103509213	以爱之名 IN THE NAME OF LOVE	郭启嘉	2018.01.30	1603	纯音乐	独立发行	录音室专辑	0.0	（评分人数不足10人）	#流行 Pop	7	https://www.xiami.com/song/1801652677	幻念 The Fantasy	414	"No lyrics available"
https://www.xiami.com/album/2103672708	Bratislava	Bratislava	2018.01.30	1	英语	看见音乐 (上海)	录音室专辑	0.0	（评分人数不足10人）	#欧美流行 Western Pop	10	https://www.xiami.com/song/1802861914	Viejas recetas	0	"No lyrics available"
https://www.xiami.com/album/2103509199	情暖千万家-韩晓辉	醉歌	2018.01.29	66	国语	独立发行	录音室专辑	0.0	（评分人数不足10人）	#国语流行 Mandarin Pop	2	https://www.xiami.com/song/1801666657	情暖千万家（男伴奏）	21	"No lyrics available"
https://www.xiami.com/album/2103661929	Jetzt	Quest	2018.01.28	15	英语	看见音乐 (上海)	录音室专辑	0.0	（评分人数不足10人）	#欧美流行 Western Pop	5	https://www.xiami.com/song/1802812896	Sag Ja	3	"No lyrics available"
https://www.xiami.com/album/2103502907	Weekend Chan（Demo）	Weekend Chan	2018.01.26	2103	纯音乐	独立发行	录音室专辑	0.0	（评分人数不足10人）	#爵士流行 Jazz Pop、#轻音乐 Easy Listening、#流行 Pop	6	https://www.xiami.com/song/1801593057	Lonely Night	104	"No lyrics available"
https://www.xiami.com/album/2103858803	Décimo (Directo en Estudio Uno)	Mäbu	2018.01.25	23	英语		录音室专辑	0.0	（评分人数不足10人）	#欧美流行 Western Pop	12	https://www.xiami.com/song/1804157113	La Locura (Directo en Estudio Uno)	0	"No lyrics available"
https://www.xiami.com/album/2104392690	Bailamos: Ao Vivo 50 Anos	Sidney Magal	2018.01.25	1	英语	Merlin Records	录音室专辑	0.0	（评分人数不足10人）	#欧美流行 Western Pop	16	https://www.xiami.com/song/1808454303	Olha (Ao Vivo)	0	"No lyrics available"
https://www.xiami.com/album/2103499476	体面	王超	2018.01.23	25000	国语	独立发行	录音室专辑	0.0	（评分人数不足10人）	#流行 Pop	1	https://www.xiami.com/song/1801565117	体面	25000	"别堆砌怀念让剧情变得狗血
深爱了多年又何必毁了经典
都已成年不拖不欠
浪费时间是我情愿
像谢幕的演员眼看着灯光熄灭
来不及再轰轰烈烈
就保留告别的尊严
我爱你不后悔也尊重故事结尾
分手应该体面谁都不要说抱歉
何来亏欠我敢给就敢心碎
镜头前面是从前的我们
在喝彩流着泪声嘶力竭
离开也很体面才没辜负这些年
爱得热烈认真付出的画面
别让执念毁掉了昨天
我爱过你利落干脆

最熟悉的街主角却换了人演
我哭到哽咽心再痛就当破茧
来不及再轰轰烈烈
就保留告别的尊严
我爱你不后悔也尊重故事结尾
分手应该体面谁都不要说抱歉
何来亏欠我敢给就敢心碎
镜头前面是从前的我们
在喝彩流着泪声嘶力竭
离开也很体面才没辜负这些年
爱得热烈认真付出的画面
别让执念毁掉了昨天
我爱过你利落干脆
再见不负遇见
收起"
https://www.xiami.com/album/2103499010	家在怒江	木永心	2018.01.22	11000	国语	独立发行	录音室专辑	0.0	（评分人数不足10人）	#民谣流行 Folk Pop、#国语流行 Mandarin Pop、#古风 GuFeng Music	10	https://www.xiami.com/song/1801562929	怒江	735	"怒江
词曲：木永心
演唱：木永心

远处的山是哪里的山 哎
远处的云是哪里的云 哎
身边沉睡着一条什么龙？
远处的人是哪里的人 哎
远处的今夜是升起火把
远处的歌声飘过了远方
噢 嘚嘚 勒 奥 嘚嘚
傈僳语：《今夜心情特别好》
奥 嘚嘚 勒 奥 嘚嘚
傈僳语《跳起舞来喝起酒》
。。。
远处的山是怒江的山 哎
远处的云是怒江的云 哎
身边沉睡着一条怒江
远处的人是怒江的人 哎
远处的今夜是升起火把
远处的歌声飘过了远方
奥 嘚嘚 勒 奥 嘚嘚
欢迎你到怒江来
奥 嘚嘚 勒 奥嘚嘚
朋友喝了这杯酒

欢迎四方的朋友
来我怒江看一看
喝喝这里的米酒
看看这里的天堂
奥 嘚嘚 勒 奥 嘚嘚
怒江姑娘最动人
奥 嘚嘚 勒 奥 嘚嘚
欢迎你到怒江来
。。。
收起"
https://www.xiami.com/album/2103498859	红尘	李承敏	2018.01.22	83	国语	独立发行	录音室专辑	0.0	（评分人数不足10人）	#国语流行 Mandarin Pop	1	https://www.xiami.com/song/1801562494	红尘	83	"红尘
作词/心付瑶琴
作曲/心付瑶琴
演唱：李承敏
人生好比天性情
阴晴扑朔难形容
人生好比一场梦
梦境迷离难从容
一时雨呐一时虹
一时霜来一时风
一时聚呐一时散
一时醉来一时醒
一时荣
身在滚滚红尘中
犹如太苍一株枫
春来生发绿无垠
秋去秋声对征鸿
身在滚滚红尘中
渺渺太苍一粟同
功名所向崇山路
富贵从来累转蓬 累转蓬
人生好比天性情
阴晴扑朔难形容
人生好比一场梦
梦境迷离难从容
一时雨呐一时虹
一时霜来一时风
一时聚呐一时散
一时醉来一时醒
一时荣
身在滚滚红尘中
犹如太苍一株枫
春来生发绿无垠
秋去秋声对征鸿
身在滚滚红尘中
渺渺太苍一粟同
功名所向崇山路
富贵从来累转蓬
身在滚滚红尘中
犹如太苍一株枫
春来生发绿无垠
秋去秋声对征鸿
身在滚滚红尘中
渺渺太苍一粟同
功名所向崇山路
富贵从来累转蓬 累转蓬
身在滚滚红尘中
犹如太苍一株枫
春来生发绿无垠
秋去秋声对征鸿
身在滚滚红尘中
渺渺太苍一粟同
功名所向崇山路
富贵从来累转蓬
收起"
https://www.xiami.com/album/2103497861	年兽戏画	隔壁爷叔	2018.01.21	351	国语	独立发行	录音室专辑	0.0	（评分人数不足10人）	#流行 Pop	1	https://www.xiami.com/song/1801557719	年兽戏画	351	"No lyrics available"
https://www.xiami.com/album/2103497015	仰望	L·O·V·E敬拜团	2018.01.20	75000	国语	独立发行	录音室专辑	0.0	（评分人数不足10人）	#当代基督 CCM / Contemporary Christian Music、#流行 Pop	9	https://www.xiami.com/song/1801552775	永远的爱	8985	"《永远的爱》
演唱：高原、刘炫宇、陈萍、杨沐恩
作词、作曲：杨沐恩
监制：刘圣洁

混音：刘炫宇
出品人：刘圣洁
出品发行：圣之美（上海）文化传媒有限公司


刘：带着一脸泪
带着一身倦
我来到祢的面前
无助的痛
无情的伤
恳求祢听我倾诉

杨：我知道祢不轻看痛悔的心
我相信祢顾念忧伤的灵
愁烦我交托祢
重担我卸给祢
在祢爱中
我必安然无畏惧

高：噢…祢是我的磐石
祢是我的力量
祢是我的拯救
是我的亮光

陈：祢是我的盾牌
祢是我的保障
祢是不可或缺生命的粮

刘：祢是我的高台
祢是我的避难所
祢是我患难中随时的帮助

杨：祢是我的诗歌
祢是我的倚靠
祢是活水泉源
永远的爱

陈：带着一脸泪
带着一身倦
我来到祢的面前
无助的痛
无情的伤
恳求祢听我倾诉

高：我知道祢不轻看痛悔的心
我相信祢顾念忧伤的灵
愁烦我交托祢
重担我卸给祢
在祢爱中
我必安然无畏惧

杨：噢…祢是我的磐石
祢是我的力量
祢是我的拯救
是我的亮光

刘：祢是我的盾牌
祢是我的保障
祢是不可或缺生命的粮

陈：祢是我的高台
祢是我的避难所
祢是我患难中随时的帮助

高：祢是我的诗歌
祢是我的倚靠
祢是活水泉源
永远的爱

合：噢…祢是我的磐石
祢是我的力量
祢是我的拯救是我的亮光
祢是我的盾牌
祢是我的保障
祢是活水泉源
永远的爱
收起"
https://www.xiami.com/album/2103496134	体面	魏碧海	2018.01.19	801	国语	独立发行	录音室专辑	0.0	（评分人数不足10人）	#国语流行 Mandarin Pop、#流行 Pop	1	https://www.xiami.com/song/1801530645	体面 （前任3主题曲）	801	"演唱：魏碧海
别堆砌怀念让剧情
变得狗血
深爱了多年又何必
毁了经典
都已成年不拖不欠
浪费时间是我情愿
像谢幕的演员
眼看着灯光熄灭
来不及
再轰轰烈烈
就保留
告别的尊严
我爱你不后悔
也尊重故事结尾
分手应该体面
谁都不要说抱歉
何来亏欠
我敢给就敢心碎
镜头前面是从前的我们
在喝彩
流着泪声嘶力竭
离开也很体面
才没辜负这些年
爱得热烈
认真付出的画面
别让执念
毁掉了昨天
我爱过你
利落干脆
最熟悉的街主角却
换了人演
我哭到哽咽心再痛
就当破茧
来不及
再轰轰烈烈
就保留
告别的尊严
我爱你不后悔
也尊重故事结尾
分手应该体面
谁都不要说抱歉
何来亏欠
我敢给就敢心碎
镜头前面是从前的我们
在喝彩
流着泪声嘶力竭
离开也很体面
才没辜负这些年
爱得热烈
认真付出的画面
别让执念
毁掉了昨天
我爱过你
利落干脆
再见
不负遇见
收起"
https://www.xiami.com/album/2103495133	外姓人	羽上轩	2018.01.19	70	国语	独立发行	录音室专辑	0.0	（评分人数不足10人）	#黑暗氛围 Dark Ambient、#独立流行 Indie Pop、#迷幻摇滚 Psychedelic Rock	1	https://www.xiami.com/song/1801524739	外姓人	70	"[00:02.16]作词：羽上轩
[00:05.13]作曲：羽上轩
[00:08.34]编曲：羽上轩
[00:12.60]录制：羽上轩
[00:15.92]混音：羽上轩
[00:20.17]演唱：羽上轩
[00:22.09]
[00:29.66]为什么人生来没有平等
[00:36.28]为什么人会不同颜色
[00:42.09]降临世上被贴上不同标签
[00:49.18]难道身上流的不是和你一样的血
[00:54.50]
[00:55.76]外姓人走在另类的时代
[01:02.22]只好收起本性把身份掩盖
[01:08.49]常驻人说他野蛮至极
[01:15.01]只因他同伴曾 曾用坏脾气
[01:20.62]
[01:21.68]他看我不一样 他看我不一样
[01:27.99]世界看我不一样 我能怎么办
[01:34.17]他看我不一样 他看我不一样
[01:41.04]请你睁大你的眼睛看清楚我的心
[01:47.36]他看我不一样 他看我不一样
[01:54.08]难道要我把我的脸 装饰成你爱的颜色
[02:00.15]他看我不一样 他看我不一样
[02:06.81]可怜我这等外姓人 生来就要被人审视
[02:12.88]
[03:05.77]外姓人走在另类的时代
[03:11.43]只好收起本性把身份掩盖
[03:18.20]常驻人说他野蛮至极
[03:24.37]只因他同伴曾 曾用坏脾气
[03:29.54]
[03:31.00]他看我不一样 他看我不一样
[03:37.83]世界看我不一样 我能怎么办
[03:43.84]他看我不一样 他看我不一样
[03:49.80]请你睁大你的眼睛看清楚我的心
[03:57.27]他看我不一样 他看我不一样
[04:04.05]难道要我把我的脸 装饰成你爱的颜色
[04:10.77]他看我不一样 他看我不一样
[04:16.88]可怜我这等外姓人 生来就要被人审视
收起"
https://www.xiami.com/album/2103495038	烟雨江南.梦	高音敏子	2018.01.18	109	国语	独立发行	录音室专辑	0.0	（评分人数不足10人）	#独立流行 Indie Pop	1	https://www.xiami.com/song/1801524518	烟雨江南.梦-敏子演唱	109	"00:03.16]烟雨江南.梦
[00:04.32]
[00:05.58]作词 唐吟
[00:06.77]作曲 高音敏子
[00:08.15]编曲 敏子音乐工作室
[00:09.34]后期 惠永平
[00:10.98]封面 云飞燕
[00:13.10]mvbox三破狼
[00:15.54]监制 王敏
[00:17.73]演唱 高音敏子
[00:19.93]
[00:21.96]
[00:30.06]风细细 雨潺潺
[00:37.30]陌上人如玉
[00:40.15]江上柳如烟
[00:43.50]小楼昨夜
[00:47.18]昨夜谁凭栏
[00:50.17]诗酒醉红颜
[00:53.51]醉红颜
[00:55.19]
[00:55.97]
[00:56.86]思悠悠 意绵绵
[01:03.78]人在画图里
[01:06.75]吟唱水云间
[01:10.08]一盏凉绪
[01:13.84]凉绪尽阑珊
[01:16.81]花零绾香淡
[01:19.28]绾香淡
[01:20.34]
[01:20.89]
[01:23.40]相见欢 相别难
[01:30.11]相别难 相见欢
[01:36.81]总是离人
[01:40.09]离人千古恨
[01:42.65]帘外杏花天
[01:45.09]杏花天
[01:49.30]杏花天
[01:50.15]
[01:52.10]《烟雨江南.梦》
[01:53.32]
[01:54.83]作词 唐吟
[01:56.44]作曲 高音敏子
[01:58.44]演唱 高音敏子
[02:00.38]
[02:20.07]风细细 雨潺潺
[02:27.24]陌上人如玉
[02:30.14]江上柳如烟
[02:33.44]小楼昨夜
[02:37.16]昨夜谁凭栏
[02:40.12]诗酒醉红颜
[02:43.44]醉红颜
[02:45.13]
[02:45.78]
[02:46.76]思悠悠 意绵绵
[02:53.84]人在画图里
[02:56.74]吟唱水云间
[03:00.12]一盏凉绪
[03:03.88]凉绪尽阑珊
[03:06.85]花零绾香淡
[03:09.28]绾香淡
[03:10.39]
[03:13.47]相聚短 相思难
[03:20.06]相思难 相聚短
[03:26.75]最是人间
[03:30.10]人间惆怅处
[03:32.69]烟雨又江南
[03:35.07]又江南
[03:36.87]
[03:40.10]相聚短 相思难
[03:46.66]相思难 相聚短
[03:53.37]最是人间
[03:56.74]人间惆怅处
[03:59.35]烟雨又江南
[04:01.72]又江南
[04:05.99]又江南
[04:06.92]
[04:07.50]
[04:13.52]最是人间
[04:17.04]人间销魂处
[04:19.41]烟雨忆江南
[04:21.77]忆江南
[04:26.00]忆江南
[04:27.28]
[04:28.09]---end---
[04:28.61]
[04:29.05]
[04:29.36]
收起"
https://www.xiami.com/album/2103495275	等你下班	高佳斌	2018.01.17	452	国语	独立发行	录音室专辑	0.0	（评分人数不足10人）	#流行 Pop	1	https://www.xiami.com/song/1801525556	等你下班(with 沈洁)	452	"等你下班(with 沈洁)
词：高佳斌
曲：高佳斌
见秋天告别离去
换来一丝凉意
感觉周围的环境
冬天的气息
冬至转眼已来临
我却看不见 摸不到
不经意的落下泪
怎么你还没有下班
时间已经下班
怎么还在上班
老板低头看看
属下饿的不堪
早到加班没奖
晚到早退要降
老板还唧唧歪歪
你还在上班 我等你下班
已经做好了晚餐
我已经下班 我等你下班
饭菜都要冷掉了
你还在上班 我等你下班
肚子饿的要叫了
我已经下班 我等你下班
要不我先开吃了
每天都起早贪黑
碰的满脸都是灰
排队么遇上插队
烦恼真的是每天一堆
累的不是工作
但还是要工作
生活就是工作
再苦再累没有办法
你还得去工作
请别放弃工作
所以继续工作
继续努力工作
如果没有工作
就不会有你向往的生活
时间已经下班
怎么还在上班
老板低头看看
属下饿的不堪
早到加班没奖
晚到早退要降
老板还唧唧歪歪
你还在上班 我等你下班
已经做好了晚餐
我已经下班 我等你下班
饭菜都要冷掉了
你还在上班 我等你下班
肚子饿的要叫了
我已经下班 我等你下班
要不我先开吃了
沈：我还在上班 你等我下班
你别吃光了晚餐
我快要下班 你等我下班
合：饭菜给我热起来
饭菜给你热起来
你还在上班 我等你下班
已经做好了晚餐
我已经下班 我等你下班
饭菜都要冷掉了
你还在上班 我等你下班
肚子饿的要叫了
我已经下班 我等你下班
要不我先开吃了
收起"
https://www.xiami.com/album/2103702414	万里挑一	OliviaS.粟丹	2018.01.17	106	国语	独立发行	录音室专辑	0.0	（评分人数不足10人）	#独立流行 Indie Pop、#艺术流行 Art Pop、#前卫流行 Progressive Pop	1	https://www.xiami.com/song/1803020383	万里挑一	106	"[00:02.26]词 / 曲 / 编 / 混 / 唱 ：粟 丹

[00:04.17]香肩 香唇
[00:07.79]露再多一份肉肤
[00:11.34]眉心 眉眼
[00:15.28]妖艳亮加一度
[00:18.91]来不及的羽毛抖落马脚
[00:26.17]想不到的修辞尴尬两秒
[00:33.60]遥望 要求
[00:37.27]不比凡人少一点
[00:40.91]姿势 步骤
[00:44.52]表演套路空新鲜
[00:48.39]梦醒之后发觉孤无身处
[00:55.74]皮囊之下能消费有多久
[01:05.38]可爱它究竟能够
[01:06.97]值
[01:07.53]值几分
[01:08.99]有趣他俘获时代
[01:10.43]的
[01:11.13]的帮凶
[01:12.67]众渡万千
[01:13.59]无法识别
[01:16.36]万里挑一
[01:17.32]阑珊云烟
[01:19.99]气质它究竟能够
[01:21.53]值
[01:22.39]值几分
[01:23.76]骄傲他俘获野心
[01:25.24]的
[01:25.92]的帮凶
[01:27.44]淑女万千
[01:28.51]华丽难辨
[01:31.09]万里挑一
[01:32.06]掌上明鉴

[01:36.49]一点 亮点
[01:40.07]裙摆要在短点
[01:43.71]高大 高尚
[01:47.28]镜头心机溢出
[01:51.14]人人盼望笑料华丽出窍
[01:58.40]声声补刀不如实力出招
[02:07.94]可爱它究竟能够
[02:09.61]值
[02:10.42]值几分
[02:11.65]有趣他俘获时代
[02:13.27]的
[02:13.92]的帮凶
[02:15.44]众渡万千
[02:16.36]无法识别
[02:19.05]万里挑一
[02:19.96]阑珊云烟
[02:22.80]气质它究竟能够
[02:24.25]值
[02:24.91]值几分
[02:26.43]骄傲他俘获野心
[02:28.12]的
[02:28.73]的帮凶
[02:30.12]淑女万千
[02:31.05]华丽难辨
[02:33.85]万里挑一
[02:34.84]掌上明鉴

[02:37.56]有趣她足够成为
[02:39.09]你的武器
[02:41.26]可爱她也许替你
[02:42.94]赢了几分
[02:44.97]君子万千
[02:45.90]好坏难别
[02:48.56]万里挑一
[02:49.65]灵魂识别
收起"
https://www.xiami.com/album/2103698867	后来的我们	FaTHvi	2018.01.15	24000	国语	独立发行	录音室专辑	0.0	（评分人数不足10人）	#流行 Pop	1	https://www.xiami.com/song/1802997690	后来的我们	24000	"Hook：
后来
我总算学会了如何去爱
可惜你早已远去
消失在人海
后来
终于在眼泪中明白
有些人一旦错过就不再

Verse1：
这是第一次听你唱的歌
现在回想那时 都感觉有些羞涩
你穿着白色校服 歌声回荡着你的忧乐
或喜悲 看不透

之后每当我听到这首歌该是怎样的心情
像天气般阴晴
我开始相信命 也坚定 我们的未来一定在一起

我开始慢慢向你靠近
也希望梦想能够把我照进 你的生活
跟他们把你争夺
又经历了多少个难眠的夜

终于怀着忐忑的心情 写了第一封情书
你就像一颗明珠 那么耀眼 让我变得没有勇气
怕听到你的拒绝
如果再来一次 我一定不再郁结

hook：
后来
我总算学会了如何去爱
可惜你早已远去
消失在人海
后来
终于在眼泪中明白
有些人一旦错过就不再

Verse2：
已经记不清折过多少千纸鹤
想让它代替我随你飞到美国
如果我 当时选择不再沉默
也许现在也不是独自漂泊
也从朋友哪里打听你的消息

他们说 你过得不错
还问我 是否和你还有交集
我总是装不消极 思绪却跟你飘离
开始消弭的生活
我在想你是否还会想我

在某个我想你的夜晚
你会用什么样的心情
让回忆把我接管

是否也会感念过去的遗憾
如果那时怎样就不会离散
偶 对了 你是否遇到了他
是否已成了家
又或者成了孩子的妈
长得像你 还是像他
我对你还在牵挂

你都如何回忆我
带著笑或是很沉默
这些年来有没有人能让你不寂寞
后来
我总算学会了如何去爱
可惜你早已远去
消失在人海
后来
终于在眼泪中明白
有些人一旦错过就不再
收起"
https://www.xiami.com/album/2103490026	白 色 粉 筆	TZ	2018.01.14	1663	国语	独立发行	录音室专辑	0.0	（评分人数不足10人）	#流行说唱 Pop Rap、#国语流行 Mandarin Pop、#流行 Pop	1	https://www.xiami.com/song/1801496411	白 色 粉 筆	1662	"No lyrics available"
https://www.xiami.com/album/2103489198	鲸鱼Alice	EeV	2018.01.12	1170	纯音乐	独立发行	录音室专辑	0.0	（评分人数不足10人）	#流行 Pop	1	https://www.xiami.com/song/1801491928	鲸鱼Alice	1170	"No lyrics available"
https://www.xiami.com/album/2103872156	Praise	worship together	2018.01.11	66	英语		录音室专辑	0.0	（评分人数不足10人）	#当代基督 CCM / Contemporary Christian Music	10	https://www.xiami.com/song/1804265826	Lord Have Your Way	1	"No lyrics available"
https://www.xiami.com/album/2103496990	Kali Akroasi	Sofia Vossou	2018.01.11	28	英语	Minos	录音室专辑	0.0	（评分人数不足10人）	#欧美流行 Western Pop	10	https://www.xiami.com/song/1801552456	6i Iouniou	4	"No lyrics available"
https://www.xiami.com/album/2103485058	我多喜欢你，你会知道	邓文怡	2018.01.10	21000	国语	独立发行	录音室专辑	0.0	（评分人数不足10人）	#国语流行 Mandarin Pop	1	https://www.xiami.com/song/1801468334	我多喜欢你，你会知道	21000	"我多喜欢你，你会知道
词：杨凯伊
曲：杨凯伊
演唱：邓文怡（8岁）
邓力玮（5岁）
玮：
我喜欢你的眼睛
你的睫毛
你的冷傲
我喜欢你的酒窝
你的嘴角
你的微笑
我喜欢你全世界都知道嘲笑别恼
我会继续
请你准备好
怡：
我喜欢你的衬衫
你的手指
你的味道
我想做你的棉袄
你的手套
你的心跳
我喜欢你全世界都明了煎熬别气恼
我多耐心
请你等着瞧
玮：
喜欢你在每一刻
每一秒
喜欢你在每一处
每一角
喜欢你已变成习惯难以戒掉
我多喜欢你
我不知道
怡：
喜欢你让下雨天
放晴了
喜欢你让下雪天
温暖了
喜欢你已变成信仰难以放掉
我多喜欢你
你会知道
怡：
我喜欢你打篮球
每个瞬间
都很闪耀
玮：
我喜欢你弹钢琴
每个音符
都很美妙
怡：
我喜欢你陪我看书
分心看我
偷笑
翻页游戏
我配合你导
玮：
偶尔心情
感冒发烧
你是甜的药
就算down到爆
有你烦恼全消
怡：
喜欢你在每一刻
每一秒
喜欢你在每一处
每一角
喜欢你已变成习惯难以戒掉
我多喜欢你
我不知道
玮：
喜欢你让英文书
有趣了
喜欢你让数学题
简单了
喜欢你已变成信仰难以放掉
我多喜欢你
你会知道
合：
我多喜欢你你会知道
收起"
https://www.xiami.com/album/2103484232	树枝孤鸟	刘迦帝	2018.01.09	20000	国语	独立发行	录音室专辑	0.0	（评分人数不足10人）	#国语流行 Mandarin Pop、#流行 Pop	1	https://www.xiami.com/song/1801464004	树枝孤鸟	20000	"树枝孤鸟

词曲；刘迦帝
演唱；刘迦帝
编曲；刘迦帝 齐成刚
鼓；余伟民
电吉他；刘仁友
贝司；纪鹏
箱琴；刘迦帝
键盘；刘迦帝
缩混；丁漫江

枯树依然凄凉
旷野已经睡着
一只小鸟在唱
羞涩的黑暗来了

大地依然苍茫
衣裳裹着翅膀
我已等了很久
胸中已没有心跳

河水倒影你的脸
我看见苍老是你的眼
飘逝在风中是你的泪
流淌在心间是我的憾

哎呀 谁家姑娘又在夜里想
想着昨日里的忧伤
还有那句让你冲动的话
哎呀 我又在夜里唱
唱给我记忆里的人呐
但不是你姑娘
(她就是你姑娘)
收起"
https://www.xiami.com/album/2103544639	早开的晚霞	吴景辉	2018.01.09	1936	国语	独立发行	录音室专辑	0.0	（评分人数不足10人）	#流行 Pop	1	https://www.xiami.com/song/1802022857	晚霞早开	1936	"天要黑了吗 要告别了吗
能不能多留一下 别管那晚霞
反正我比你更熟悉那黑暗
没有你陪 我也得回家
你不舍得吗 你会想念吗
如果想到我会哭 你会心疼吗
有谁来教我 忘记你的方法
你的笑啊 和你的泪啊
还有血红的晚霞
所谓的宽容坚强我做不到啊
往后的寂寞年华怎么去消化
我没有给你翅膀 你为什么要飞翔
剩我 一个人 听他们劝我
你在 天堂
不安的手掌 撒娇的模样
你像个天使一样 那么会歌唱
奇怪我最近 关于你的印象
你的笑啊 和你的泪啊 都好像还没长大
所谓的宽容坚强我做不到啊
往后的寂寞年华怎么去消化
我没有给你翅膀 你为什么要飞翔
剩我 一个人 在回忆蹒跚
天会亮 也会暗 心会跳 会死亡
那时候 的晚霞 才能算 开得 正好
晚谢的我的黑发在哪里落下
早开的你的夕阳美得不象话
好端端在我摇篮 流浪到什么天堂
若我 想抱你 要怎么到达
所谓的宽容坚强我做不到啊
往后的寂寞年华怎么去消化
我没有给你翅膀 你为什么要飞翔
剩我 一个人 听他们劝我
你在 天堂
收起"
https://www.xiami.com/album/2104463408	奔向明天	star rock	2018.01.09	6	国语		录音室专辑	0.0	（评分人数不足10人）	#国语流行 Mandarin Pop	1	https://www.xiami.com/song/1808995368	奔向明天	6	"奔向明天
前方的路很遥远
不知道还要走多久
我想超越这平凡
实现你梦里的所有
尽管汗水从额头滑落
不会成为退缩的理由
来吧现在就出发
和我最亲爱的朋友
放下所有的牵挂
不到最后绝不罢休
成功的背后免不了伤痛
才会成为真正的英雄
想奔向明天
看灿烂烟火
看满天星光为我闪烁
带我畅游浩瀚的银河
想拥抱明天
开放的花朵
开满了五彩斑斓颜色
生命中最绚烂的时刻
让我看到你的手
挥舞着相同的节奏
别害怕别再害羞
和我一起唱到最后
面前的舞台
已为你打开
相信自己
就放肆一秀
想奔向明天
看灿烂烟火
看满天星光为我闪烁
带我畅游浩瀚的银河
想拥抱明天
开放的花朵
开满了五彩斑斓颜色
生命中最绚烂的时刻
收起"
https://www.xiami.com/album/2103472120	像我这样的人	金三孙	2018.01.06	4968	国语	独立发行	录音室专辑	0.0	（评分人数不足10人）	#国语流行 Mandarin Pop、#流行 Pop	1	https://www.xiami.com/song/1801398883	像我这样的人（Cover）	4968	"No lyrics available"
https://www.xiami.com/album/2103468110	Baby行不行	刘雨Key	2018.01.05	221	国语	独立发行	录音室专辑	0.0	（评分人数不足10人）	#流行 Pop	2	https://www.xiami.com/song/1801374532	baby行不行 feat.朱莞晴	77	"baby行不行




混音：微笑
和声：刘雨Key
海报：安道
演唱：刘雨Key、朱莞晴
出品：ok音乐 音唯传媒
发行：三吉世盛

女：你是三天不打
上房揭瓦
我看你找骂
错了就别说话
还嘻唰唰
把扫把当吉他

你是王婆卖瓜
自卖自夸
还啰哩吧啦
情话说的肉麻
有些尴尬
气氛还算融洽

男：baby 我没有玩游戏
只是偷看手机
你讲的话我都有仔细听
我对别的女孩都不感兴趣
你要知道我心里只有你

baby 就算惹我生气
我也没有脾气
我会包容你的一点小任性
你说往东我绝不会 往西
我只听你的遵命

我想要讲个笑话给你听
我该怎么去猜测你的心
有时候你也真的矫情
爱吃的你小心瘦不下去

女：你是三天不打
上房揭瓦
我看你找骂
错了就别说话
还嘻唰唰
把扫把当吉他

你是王婆卖瓜
自卖自夸
还啰哩吧啦
情话说的肉麻
有些尴尬
气氛还算融洽

男：baby 我没有玩游戏
只是偷看手机
你讲的话我都有仔细听
我对别的女孩都不感兴趣
你要知道我心里只有你

baby 就算惹我生气
我也没有脾气
我会包容你的一点小任性
你说往东我绝不往西
我只听你的 遵命

我想要讲个笑话给你听
我该怎么去猜测你的心
有时候你也真的矫情
爱吃的你小心瘦不下去

女：你是三天不打
上房揭瓦
我看你找骂
错了就别说话
还嘻唰唰
把扫把当吉他

你是神经绷大
满嘴胡话
谁跟你见爸妈
甩甩你的头发
你就臭美吧
但你永远是我
小傻瓜

Key音乐 感谢有你同行
收起"
https://www.xiami.com/album/2103496814	14 Megala Tragoudia	Giannis Miliokas	2018.01.04	59	英语	EMI Greece	录音室专辑	0.0	（评分人数不足10人）	#欧美流行 Western Pop	14	https://www.xiami.com/song/1801552405	Eftihos I Distihos	2	"No lyrics available"
https://www.xiami.com/album/2103496726	Doro Tin Kardia Mou	adipas	2018.01.04	2	英语	EMI Greece	录音室专辑	0.0	（评分人数不足10人）	#欧美流行 Western Pop	11	https://www.xiami.com/song/1801548943	Pernao Polla	0	"No lyrics available"
https://www.xiami.com/album/2103467579	FUCK THE MONK	Choitree	2018.01.03	1627	国语	独立发行	录音室专辑	0.0	（评分人数不足10人）	#迷幻流行 Psychedelic Pop、#独立流行 Indie Pop、#另类唱作人 Alternative Singer-Songwriter	1	https://www.xiami.com/song/1803615596	FUCK THE MONK	1334	"当迷雾弥散开的时候
蒙蔽住你的双眼的是虚构
当欲望变膨胀的时候
沉沦在阴霾成了苦囚
霓虹泛滥喧嚣的路口
我歇斯底里无助嘶吼
突然你从背后抓住我
沉默寡言让我跟你走

F**k the m**k
Visited asylum showed fake smile
F**k the m**k
I’ll feed you to the hounds
Please f**k me m**k
Please f**k me m**k
Then I can find out how stinky you smell
F**k the m**k
You eat flesh and bloody cock
F**k the m**k
Aspiring after beauty but not hook
Please f**k me m**k
Please f**k me m**k
You are provoking one you never should do anymore

跟我走 跟我走
没有愁 也没有忧
请你跟我走 随我修长衣袖
寻觅你梦寐以求的皮囊
跟我走 跟我走
大悲咒 赛肉酒
从今不愁 今日往后
告别悲悯的狗

当念珠泛铜光的时候
垂头掩面你乱语胡诌
当花园旺香火的时候
人们虔诚满盈俯着首
手持犍锤安抚着骷髅
你面无改色祈祷永寿
我见衣衫褴褛的背后
藏着掩面而笑的蛮寇

F**k the m**k
Visited asylum showed fake smile
F**k the m**k
I’ll feed you to the hounds
Please f**k me m**k
Please f**k me m**k
Then I can find out how stinky you smell
F**k the m**k
You eat flesh and bloody cock
F**k the m**k
Aspiring after beauty but not hook
Please f**k me m**k
Please f**k me m**k
You are provoking one you never should do anymore
F**k the m**k
Visited asylum showed fake smile
F**k the m**k
I’ll feed you to the hounds
Please f**k me m**k
Please f**k me m**k
Then I can find out how stinky you smell
F**k the m**k
You eat flesh and bloody cock
F**k the m**k
Aspiring after beauty but not hook
Please f**k me m**k
Please f**k me m**k
You are provoking one you never should do anymore

（你别说你现在需要什么这个物质那个物质）
（人活着能自由自在的就是一种幸福）
收起"
https://www.xiami.com/album/2103466545	等候的日子-岑晓路	高音敏子	2018.01.01	141	国语	独立发行	录音室专辑	0.0	（评分人数不足10人）	#独立流行 Indie Pop、#流行 Pop	1	https://www.xiami.com/song/1801366312	等候的日子-岑晓路	141	"[00:05.07]《等候的日子》
[00:06.16]
[00:07.44]作词：晨彤
[00:09.23]作曲：杨子
[00:11.15]演唱：岑晓路
[00:13.19]监制：杨子
[00:15.07]出品：好杨子文化传媒
[00:17.24]
[00:22.33]美丽的邂逅是离肠的前奏
[00:27.04]把思念绘成眉间的忧愁
[00:32.20]红尘言语中弥漫相思的秋
[00:37.01]又一季红豆染边断桥头
[00:40.01]
[00:42.19]你曾说过待桃花开透
[00:46.84]就牵我的手天长地久
[00:52.02]灯火阑珊处已不见你回眸
[00:56.45]只有泪滴落岁月的渡口
[00:59.31]
[00:59.93]
[01:04.46]你还是那个安静的女子
[01:09.34]为我保留长发的样子
[01:14.32]在你经过的那个小巷子
[01:19.22]等待抚去那清愁的日子
[01:21.39]
[01:24.17]你还是那个浅笑的女子
[01:29.09]心里藏着温柔的样子
[01:34.08]手里握着你走过的棋子
[01:39.06]成了我一生等候的日子
[01:41.89]
[01:43.55]《等候的日子》
[01:44.99]
[01:46.55]作词：晨彤
[01:48.30]作曲：杨子
[01:51.20]演唱：岑晓路
[01:53.92]监制：杨子
[01:56.22]出品：好杨子文化传媒
[01:58.39]
[01:59.57]
[02:03.82]你曾说过待桃花开透
[02:08.60]就牵我的手天长地久
[02:13.61]灯火阑珊处已不见你回眸
[02:18.12]只有泪滴落岁月的渡口
[02:20.91]
[02:21.70]
[02:26.01]你还是那个安静的女子
[02:30.94]为我保留长发的样子
[02:35.98]在你经过的那个小巷子
[02:40.90]等待抚去那清愁的日子
[02:42.86]
[02:45.89]你还是那个浅笑的女子
[02:50.79]心里藏着温柔的样子
[02:55.79]手里握着你走过的棋子
[03:00.72]成了我一生等候的日子
[03:02.79]
[03:08.20]你还是那个安静的女子
[03:12.85]为我保留长发的样子
[03:17.82]在你经过的那个小巷子
[03:22.76]等待抚去那清愁的日子
[03:25.34]
[03:27.73]你还是那个浅笑的女子
[03:32.61]心里藏着温柔的样子
[03:37.63]手里握着你走过的棋子
[03:42.51]成了我一生等候的日子
[03:44.34]
[03:47.87]成了我一生等候的日子
[03:54.88]
[03:55.55]---end---
[03:56.09]谢谢欣赏~
[03:56.63]
[03:57.56]
收起"
https://www.xiami.com/album/2103489709	自娱自乐	张云鹏	2017.12.31	21000	国语	独立发行	录音室专辑	0.0	（评分人数不足10人）	#流行 Pop	5	https://www.xiami.com/song/1801494504	你的样子	3749	"No lyrics available"
https://www.xiami.com/album/2103466233	互不相欠	海生	2017.12.31	7608	国语	独立发行	录音室专辑	0.0	（评分人数不足10人）	#国语流行 Mandarin Pop	2	https://www.xiami.com/song/1801364723	互不相欠	7231	"出品：海生音文化

回忆一片两片三四片
那些清欢
缠绵于心间
想你一天两天三四天
那个拥抱
我还在贪恋
又过一年两年三四年
在相思中
我流连忘返
尘梦一段两段三四段
梦里梦你
一直梦不完
我们互不相欠
只是难以断念
回忆是你
唯一拿不走的一件
我会用心保管
用心想念
陪着我度过
落单的每一天

回忆一片两片三四片
那些清欢
缠绵于心间
想念一天两天三四天
那个拥抱
我还在贪恋
又过一年两年三四年
在相思中
我流连忘返
尘梦一段两段三四段
梦里梦你
一直梦不完
我们互不相欠
只是难以断念
回忆是你
唯一拿不走的一件
我会用心保管
用心想念
陪着我度过
落单的每一天

哦 我们互不相欠
只是难以断念
想你是我
常常最开心的一面
偶尔也有那么
一点心酸
那是用眼泪
洗过的情缘
那是用眼泪
洗过的情缘
收起"
https://www.xiami.com/album/2103686059	心痛的忏悔十年	时间胶囊乐队	2017.12.31	1400	国语	独立发行	录音室专辑	0.0	（评分人数不足10人）	#摇滚 Rock & Roll、#民谣 Folk、#流行 Pop	3	https://www.xiami.com/song/1803147061	决定放弃 新版伴奏	24	"No lyrics available"
https://www.xiami.com/album/2103699148	Diamond1	A.C.E	2017.12.31	330	国语	独立发行	录音室专辑	0.0	（评分人数不足10人）	#流行说唱 Pop Rap、#欧美流行 Western Pop、#流行 Pop	11	https://www.xiami.com/song/1802999416	Give Me A Chance	18	"No lyrics available"
https://www.xiami.com/album/2103465601	初心	张校彬	2017.12.31	55	国语	独立发行	录音室专辑	0.0	（评分人数不足10人）	#阳光流行 Sunshine Pop、#国语流行 Mandarin Pop、#电音流行 Electropop	1	https://www.xiami.com/song/1801360845	星期天	55	"星期天 - 张校彬（cover曲肖冰）
词：蒋蒋
曲：蒋蒋
星期天 我们一起牵手去公园
星期一 准时约在主题咖啡店
星期二 炒得土豆稍微有点咸
星期三 又是风和日丽大晴天
星期四 你要健身去练马甲线
星期五 吵着让你陪我去海边
星期六 你把闹钟调在十二点
陪着你 因为每天都是情人节
若能到白头
回忆那年巷子口
白色衬衫起了皱
碎花洋裙脸红透
你一脸清秀
喜欢古朴小阁楼
白色球鞋破了口
黑色毛衣泛了球
星期天 我们一起牵手去公园
星期一 准时约在主题咖啡店
星期二 炒得土豆稍微有点咸
星期三 又是风和日丽大晴天
星期四 你要健身去练马甲线
星期五 吵着让你陪我去海边
星期六 你把闹钟调在十二点
陪着你 因为每天都是情人节
若能到白头
回忆那年巷子口
白色衬衫起了皱
碎花洋裙脸红透
你一脸清秀
喜欢古朴小阁楼
白色球鞋破了口
黑色毛衣泛了球
若能到白头
回忆那年巷子口
白色衬衫起了皱
碎花洋裙脸红透
你一脸清秀
喜欢古朴小阁楼
白色球鞋破了口
黑色毛衣泛了球
收起"
